2017-03-23 20:47:51 , 845014250733080576 , Elevate_Mike ,  Bro who let my dad not only have facebook but access to emojis  ,
2017-03-23 18:58:47 , 844986801697775620 , Elevate_Mike ,  this line of dialogue has been haunting me since like 2011  ,
2017-03-23 18:58:31 , 844986734874181632 , Elevate_Mike ,  HI PALS  GIVING AWAY 1 XBOX FINAL BOSS THANA SKIN  FOLLOW AND RETWEET TO ENTER  ENDS ON 3/30 GOOD LUCK CUTIES üòé  ,
2017-03-23 16:41:06 , 844952151726149632 , Elevate_Mike ,  the outrage is crazy when it's the other way around  ,
2017-03-23 15:22:21 , 844932334562562049 , Elevate_Mike ,  WHERE DO YOU WORK I‚ÄôM COMING IN LOL ,
2017-03-23 15:08:42 , 844928901008756736 , Elevate_Mike ,  Early Access is now LIVE! Want to know what we've planned? Check out this dev blog post!htt‚Ä¶ ,
2017-03-23 14:57:05 , 844925976161214464 , Elevate_Mike ,  world record  ,
2017-03-23 14:09:39 , 844914040203829248 , Elevate_Mike ,  When I'm so disgusted with humanity that I wish a meteor would take this planet out  I think of this video  and rememb‚Ä¶ ,
2017-03-23 13:57:42 , 844911031159865344 , Elevate_Mike ,  Bae: come overMe: ok I'll be there in an hourBae: my parents aren't homeMe:  ,
2017-03-22 20:09:34 , 844642226655416322 , Elevate_Mike ,  We're proud to announce the launch of the NEW Elevate Store in partnership with  ,
2017-03-22 16:42:36 , 844590143596040193 , Elevate_Mike ,  Pepe blessed me with a thousand memes and now I bathe in the waters of Eternal Kek. ,
2017-03-22 07:27:27 , 844450434752352256 , Elevate_Mike ,  Poster 15and Fox as Starlord and Rocket Raccoon. I wouldn't trust them  I heard they're not honest. @2GGami‚Ä¶ ,
2017-03-22 07:26:12 , 844450120624214016 , Elevate_Mike ,  Me: Ew a bugBug: Ew a depressed piece of shit Me:  ,
2017-03-22 05:26:24 , 844419971425976321 , Elevate_Mike ,  bro what do you mean 'I don't wanna die anymore'? did i not see you tweet 'kill me' at 2 am?  ,
2017-03-22 01:11:41 , 844355870372835330 , Elevate_Mike ,  When Drake is traveling and hears a slang word he's never heard before.  ,
2017-03-21 23:16:52 , 844326975955243008 , Elevate_Mike ,  When you pull a and your team loses the game after you walk into your own molly...  ,
2017-03-21 05:23:14 , 844056788408373248 , Elevate_Mike ,  Doctor says he will take me.  Start the program today.  Could have surgery as early as july.  Cried when he told me.It's‚Ä¶ ,
2017-03-21 04:00:38 , 844036001676886016 , Elevate_Mike ,  what have I done  ,
2017-03-21 01:47:00 , 844002369209798656 , Elevate_Mike ,  If Our Country Can‚Äôt Agree On Basic Facts  I Fear My High Score In ‚ÄòBig Buck Hunter‚Äô Will Be Lost In The Murk  ,
2017-03-21 00:59:43 , 843990471538069504 , Elevate_Mike ,  Kyoto's Blossoms  ,
2017-03-20 20:05:44 , 843916486083264513 , Elevate_Mike ,  Lmao  ,
2017-03-20 19:56:56 , 843914273944428544 , Elevate_Mike ,  In Stock.   ,
2017-03-19 23:16:05 , 843602001829253121 , Elevate_Mike ,  you need to step in  faceit has ruined xbox cc people are getting dq'd because the website doesn't let us change‚Ä¶ ,
2017-03-19 19:56:13 , 843551706587828225 , Elevate_Mike ,  When you nut so hard the whole squad can feel it  ,
2017-03-19 18:06:21 , 843524057337356289 , Elevate_Mike ,  Nope  ,
2017-03-19 09:56:59 , 843400902937600002 , Elevate_Mike ,  New UI for 2s/5s  ,
2017-03-19 08:03:00 , 843372216813260800 , Elevate_Mike ,  I remember watching this live and if that was me  that would be the end of my streaming career.  ,
2017-03-19 07:48:33 , 843368583078039552 , Elevate_Mike ,  Do not click this tweet or ya app closes  ,
2017-03-19 03:32:10 , 843304060958720001 , Elevate_Mike ,  Some Prankster Uploaded A Photo Of Helicobacter Pylori Bacteria To The Wikipedia Page For Burkholderia Cenocepacia  ,
2017-03-18 04:53:22 , 842962108040036353 , Elevate_Mike ,  smh y'all made them stay in the trunk for the pic?  ,
2017-03-18 04:48:17 , 842960828265578496 , Elevate_Mike ,  I Put On A Fat Suit To Understand What It‚Äôs Like To Be Your Mom   ,
2017-03-17 22:19:18 , 842862937341657089 , Elevate_Mike ,  Don't settle for less kings  ,
2017-03-17 19:16:12 , 842816857891622912 , Elevate_Mike ,  THIS WEEKEND ONLY! MLGDallasSave 25% on with  ELEVATE  code!SHOP:   ,
2017-03-17 18:14:19 , 842801284998725632 , Elevate_Mike ,  Twitch:  Can I copy your homework?Discord:  Yeah  just don't make it obvious. Twitch:  Ok   ,
2017-03-17 00:43:41 , 842536882558984195 , Elevate_Mike ,  This is why i dont talk to student athletes.  ,
2017-03-17 00:31:36 , 842533843143921664 , Elevate_Mike ,  Very close minded way of thinking ,
2017-03-16 23:51:40 , 842523795831361536 , Elevate_Mike ,  When you gotta fake laugh at customers corny jokes all day  ,
2017-03-16 17:56:56 , 842434524214632449 , Elevate_Mike ,  That  Coming Soon  page though...üëÄ  ,
2017-03-16 06:04:20 , 842255192942768128 , Elevate_Mike ,  Esports comes at you fast  ,
2017-03-16 05:10:37 , 842241671760883712 , Elevate_Mike ,  When my job calling on my off day  ,
2017-03-16 04:41:53 , 842234441867096064 , Elevate_Mike ,  wuss poppin twitter  retweet to ruin a pineapple on pizza haters timeline  ,
2017-03-15 21:28:03 , 842125263320281088 , Elevate_Mike ,  this guy hired an actress to film a commercial as a joke on his friend kevin‚Ä¶ this is a new level of extra üòÇüíÄ  ,
2017-03-15 21:20:23 , 842123332615036942 , Elevate_Mike ,  This man explains all of our pain!  ,
2017-03-15 17:50:58 , 842070632745586688 , Elevate_Mike ,  Went to South London and donated my watch  wallet and phone to some guy. The happiness I felt was unreal when he put his knife‚Ä¶ ,
2017-03-15 17:36:03 , 842066880676409348 , Elevate_Mike ,  Master of None Season 2 premieres May 12th on Netflix.  ,
2017-03-15 17:15:43 , 842061762115588096 , Elevate_Mike ,  me: *yawns*student athlete:  ,
2017-03-15 05:41:32 , 841887063377104896 , Elevate_Mike ,  You text your girl  relax  you're tripping  ; this is what's happening  ,
2017-03-15 03:17:36 , 841850845260058624 , Elevate_Mike ,  Melee player: wanna just go Battlefield?student athlete: battlefield? üòÇ my life is a battle field üëåüíØ I won't stop grinding‚Ä¶ ,
2017-03-15 03:14:42 , 841850113341415424 , Elevate_Mike ,   Welcome to Gamestop Student athlete: GameStop?üòÇüôÑMy game never stopüò§ü§öüèΩI'm grinding 24/7‚è∞üîÑRIP PapaüéÖüèºüò¢2 Deuteronomy 4:11‚Ä¶ ,
2017-03-15 03:10:36 , 841849083270705154 , Elevate_Mike ,  Your life is on the line  who are you trusting to score 40 points?RETWEET for peak Kobe BryantFAVORITE for peak Step‚Ä¶ ,
2017-03-15 02:26:17 , 841837929836216320 , Elevate_Mike ,  If you don't get the same energy and effort you give why waste your time üòå ,
2017-03-15 02:26:01 , 841837863142621184 , Elevate_Mike ,  No one will be interested in you if you arent interested in yourself. ,
2017-03-23 11:25:03 , 844872616171134976 , WengerzMen ,  JEROME BOATENG HAS BLOCKED ME I CAN'T BELIEVE THIS  HAHAHAHAHAHAHAHAHAHAHAHAHHAHAHAHAHA  ,
2017-03-22 17:10:22 , 844597132036313089 , WengerzMen ,  I'm so sad about what happened in London. The worst version of the human. You are not alone. prayforlondon  ,
2017-03-21 18:32:17 , 844255360026398722 , WengerzMen ,  Anyone else can't log into Hotmail / Outlook right now?  if service is down for you again!  ,
2017-03-21 10:25:22 , 844132820553547777 , WengerzMen ,  Thank you for this award tonight - Czech Player of the Year üèÜ  ,
2017-03-19 18:05:52 , 843523934419062788 , WengerzMen ,  FULL-TIME: Arsenal 10-0 Tottenham HotspurNorth London is üî¥üî¥üî¥  ,
2017-03-18 13:46:58 , 843096391840874496 , WengerzMen ,  OK so since it's HT I'm going to do a thread of polls on the England team. s appreciated. ,
2017-03-17 14:36:45 , 842746534462722048 , WengerzMen ,  In less than 20 days in April our season will be determined..RM Vs AtleticoRM Vs BayernRM Vs BayernRM Vs Barcelona H‚Ä¶ ,
2017-03-17 11:42:48 , 842702756704083968 , WengerzMen ,  We're in for a treat! The UCLdraw...  ,
2017-03-13 17:26:00 , 841339572286083077 , WengerzMen ,  Despite being ill  ; not üíØthere are claims that Marcus Rashford did travel with the mufc squad to London (via men)  ,
2017-03-12 01:57:55 , 840743628465164290 , WengerzMen ,  We‚Äôre heading üîô to Wembley üî¥AFCvLCFC  ,
2017-03-11 18:15:09 , 840627166396194816 , WengerzMen ,  whatthehellisxhakamustafigiroudperezandallthemlogzdoingintheteam ,
2017-03-10 12:59:10 , 840185260423938048 , WengerzMen ,  Remember NoNewContract WengerOut  ,
2017-03-10 12:21:58 , 840175897193897985 , WengerzMen ,  Hahaha  its football  so its always competitive  Mats üòâ But a little MickiMagic always helps... üí™ Thank you my friend! htt‚Ä¶ ,
2017-03-10 10:38:52 , 840149952986677249 , WengerzMen ,  you should of never sent 3 more :( ,
2017-03-04 17:02:46 , 838072237257261056 , WengerzMen ,  People who pour Cereal first vs the Inordinately Advanced Sagacious Perspicacious beings whom'st poureth the Milk aforetime‚Ä¶ ,
2017-03-03 12:50:03 , 837646248517709824 , WengerzMen ,  clearly you only watched Chelsea games this month. ,
2017-03-02 20:09:11 , 837394376250785792 , WengerzMen ,  Looking forward to the customary  Losing may be a blessing in disguise  interview from Chris on Tuesday.  ,
2017-02-26 20:49:04 , 835954861246148608 , WengerzMen ,  The Ty of Manchester  ,
2017-02-25 06:04:11 , 835369784309055488 , WengerzMen ,  Imagine missing an important plot point because you're too busy opening dips. ,
2017-02-24 20:30:41 , 835225455905112064 , WengerzMen ,  WHAT THE ACTUAL FUCK. I HOPE LEICESTER GET RAPED BY EVERY SINGLE DAMN FUCKING TEAM. UNGRATEFUL MOTHERFUCKERS. ,
2017-02-23 21:46:47 , 834882221425184772 , WengerzMen ,  Mourinho wins League - gets sacked the next seasonRanieri wins Premier League - gets sacked the next season.Weng‚Ä¶ ,
2017-02-23 21:22:26 , 834876091827425280 , WengerzMen ,  Where Leicester were a year ago compared to now  unbelievable story.  ,
2017-02-23 20:17:53 , 834859847044759552 , WengerzMen ,  Even an representative hope's Leicester get relegated. üòÇ  ,
2017-02-23 19:18:07 , 834844808262873090 , WengerzMen ,  If man city signed Leroy Fer they'd could field a Pokemon -evolution midfield of Fer Fernando and Fernandiniho ,
2017-02-19 19:03:32 , 833391587623305217 , WengerzMen ,  Dimitar Berbatov looking like he's about to erase your memory!  ,
2017-02-18 19:48:22 , 833040480640364547 , WengerzMen ,  Wenger  ,
2017-02-18 11:27:49 , 832914514886668288 , WengerzMen ,  Tell me Pogba How many haircuts have you had since joining united?  ,
2017-02-17 21:07:08 , 832697914442985472 , WengerzMen ,  If we really had ambition  we would of got Xhaka ; Kante. AFC ,
2017-02-17 21:01:27 , 832696486458646528 , WengerzMen ,  Mixed reactions as Arsene Wenger announces he is leaving:  ,
2017-02-17 09:38:11 , 832524536209895425 , WengerzMen ,  WATCH: Was there a row in the dressing room?Arsene Wenger:  No  not at all. More here:   ,
2017-02-16 08:29:57 , 832144975471181825 , WengerzMen ,  Hmmmm  when have we seen Angel Di Maria do this before PSGFCBü§î  ,
2017-02-15 21:59:54 , 831986420147449856 , WengerzMen ,  This is gonna bang when they put 5 past us... ,
2017-02-15 21:39:34 , 831981302752624647 , WengerzMen ,  Wenger reacts to the defeat:  ,
2017-02-15 17:34:58 , 831919748162154497 , WengerzMen ,  Only a few more hours to go.  ,
2017-02-15 13:37:16 , 831859926297411584 , WengerzMen ,  BREAKING NEWS: Marcos Rojo available for Europa League game against St-Etienne on Thursday. SSNHQ ,
2017-02-14 22:17:12 , 831628386615324672 , WengerzMen ,  Breaking news: Man goes missing in Paris and searching teams have been sent out. Please let local authorities know if‚Ä¶ ,
2017-02-14 22:10:52 , 831626792788176897 , WengerzMen ,  CONFIRMED: PSG have been charge with suspicion of rape at the Parc de prince which lasted 90 mins. Police are looking fo‚Ä¶ ,
2017-02-14 21:32:04 , 831617026091257861 , WengerzMen ,  When your realise that you have no choice but to go to China üòÇ  ,
2017-02-14 21:23:14 , 831614804305518593 , WengerzMen ,  What did PSG get Barcelona 4 Valentine's Day? ,
2017-02-14 21:08:52 , 831611186902945796 , WengerzMen ,  It's Team vs. Team on Monday! Who will win?  for Niall  favourite for Piers!  ,
2017-02-14 20:40:49 , 831604130867269635 , WengerzMen ,  Barcelona fans right now. üòÇ  ,
2017-02-14 20:37:15 , 831603230069104640 , WengerzMen ,  This guy fucks more girls than he does to premier league defenses. Baller.  ,
2017-02-14 20:31:59 , 831601905113694214 , WengerzMen ,  The UCL favourites are in trouble! Draxler finishes off a counter-attack to double lead! PSGFCB  ,
2017-02-14 20:27:40 , 831600818960871424 , WengerzMen ,  there appear to be some issues with your commentary  my ears are bleeding at the sound of Steve McMana‚Ä¶ ,
2017-02-14 16:29:22 , 831540851687960576 , WengerzMen ,  Next stop Munich üëà Focus FCBvAFC WeAreReady UCL WeAreArsenal  ,
2017-02-14 15:53:02 , 831531704829538311 , WengerzMen ,  May Allah bless Arsenal with a victory against Bayern  Ameen üòå ,
2017-02-14 15:48:32 , 831530572459687941 , WengerzMen ,  Unconfirmed as yet  but Gabriel Jesus (broken metatarsal) will be out between 2-3 months. mcfc  ,
2017-02-14 15:23:30 , 831524275240710145 , WengerzMen ,  An update on injury sustained in last night's game üì∞ mcfc  ,
2017-02-12 22:22:24 , 830904916386406400 , WengerzMen ,  those are traffic cones. ,
2017-02-12 21:53:16 , 830897587158917123 , WengerzMen ,  Omds I'm sooo confused and deadin at the same timeüòÇüòÇüòÇ  ,
2017-02-12 21:30:59 , 830891977931636737 , WengerzMen ,  Me when Coquelin tried tackling Hazard last week.  ,
2017-02-12 17:55:14 , 830837683270332416 , WengerzMen ,  wont need it but thanks for sharing üò≠üò≠üò≠ ValentineTips ,
2017-02-12 17:26:56 , 830830560872366082 , WengerzMen ,  If only we had the same amount of wins as Leicester fans have said 'our season starts now'  we would of won next seaso‚Ä¶ ,
2017-02-12 17:13:13 , 830827110390456320 , WengerzMen ,  I think this guy wants his BMW's back. SWALEI  ,
2017-02-12 16:36:59 , 830817992829235200 , WengerzMen ,  If burnley didn't have their home form they would be a non league side asking slap head Steve to go in goal ,
2017-02-11 20:34:30 , 830515375989202945 , WengerzMen ,  OHHHH YEEES. WELCOME TO 5th PLACE  MANCHESTER UNITED.  ,
2017-02-10 21:54:36 , 830173144317034497 , WengerzMen ,  Just get behind the team. ARSENAL ‚ù§ ,
2017-02-10 21:44:40 , 830170644474101760 , WengerzMen ,  is Wenger leaving ,
2017-02-10 20:31:07 , 830152135992082433 , WengerzMen ,  Might have meant his wine ,
2017-02-10 18:53:28 , 830127561053237248 , WengerzMen ,  Giroud's goal was the best thing to happen to Arsenal in years but it still gets shown up by Andy Carroll üò≠üò≠üò≠ ,
2017-02-10 16:22:54 , 830089671258624001 , WengerzMen ,  The S*n have been banned from Anfield and Melwood. Great news.  ,
2017-02-10 08:19:11 , 829967938144837632 , WengerzMen ,  Bring on tomorrowAFCvHCFC WeAreTheArsenal üî¥  ,
2017-02-09 22:54:56 , 829825940637229057 , WengerzMen ,  Subscribe to my channel ,
2017-02-09 21:10:38 , 829799693890764805 , WengerzMen ,  BREAKING: Gabriel Jesus confirms that his celebration wasn't about his ex-girlfriend  he was actually just calling a tax‚Ä¶ ,
2017-02-08 17:03:56 , 829375223514411011 , WengerzMen ,  needs to get better at English though  just called his dad  brother  ,
2017-03-20 00:00:15 , 843613118643298304 , tacoburns15 ,  This is still the best convo ever  ,
2017-03-18 18:44:18 , 843171218576609283 , tacoburns15 ,  JUMP LOL  ,
2017-03-16 23:33:32 , 842519228796354560 , tacoburns15 ,  Patriots re-sign LB Dont'a Hightower:  ,
2017-03-16 13:16:40 , 842363989245992960 , tacoburns15 ,  Only downside to competitive Overwatch is its full of toxic asshats who vastly overestimate their own skill. Why I avoid CO‚Ä¶ ,
2017-03-12 04:28:21 , 840781483925204993 , tacoburns15 ,  THE MAN  THE MYTH  THE LEGEND...  ,
2017-03-09 20:46:09 , 839940393676460037 , tacoburns15 ,  lmfao the browns just signed Brock Osweiler üòÇ ,
2017-03-08 03:40:35 , 839319913701523457 , tacoburns15 ,  Damn  bitch was riding and she farted. ,
2017-03-07 14:25:44 , 839119880234356738 , tacoburns15 ,  JASON IS THAT YOU? üòÇüòÇüòÇ(pic from  ,
2017-03-06 00:20:37 , 838544812852850689 , tacoburns15 ,  I ORDERED A PIZZA WITH PINEAPPLE AND  ,
2017-03-06 00:12:41 , 838542815378419712 , tacoburns15 ,  Chances are you never noticed this   FaZeUp IEM  ,
2017-03-05 23:47:03 , 838536365830770688 , tacoburns15 ,  Only true heros show this type of respect üôèüòçüëèüôåüçÜüçÜüçÜCredit:  ,
2017-03-05 07:52:13 , 838296075786125312 , tacoburns15 ,  This mod lets you play as Crash Bandicoot‚Äã in Grand Theft Auto V  ,
2017-03-05 07:39:36 , 838292897485189120 , tacoburns15 ,  my hero  ,
2017-03-05 07:32:38 , 838291145260216320 , tacoburns15 ,  Drake really liked revelations  ,
2017-03-04 18:39:22 , 838096548911271936 , tacoburns15 ,  John Ross of Washington 5 of 6 watches in my area had him under 4.20. 6th watch had 4.25 ,
2017-03-04 17:54:45 , 838085319798968320 , tacoburns15 ,  WR John Ross just ran an unofficial 4.22 40  breaking Chris Johnson's record! ,
2017-03-04 05:41:05 , 837900683596673024 , tacoburns15 ,  iconic  ,
2017-03-03 02:42:33 , 837493368032747521 , tacoburns15 ,  The moment before the most famous album cover ever was photographed. 1969  ,
2017-03-03 02:23:19 , 837488526480584704 , tacoburns15 ,  Never accept defeat!Clip by  ,
2017-03-03 02:20:06 , 837487718842138626 , tacoburns15 ,  Countries that play more violent video games such as Grand Theft Auto and Call of Duty have FEWER murders  ,
2017-02-28 14:48:39 , 836588931651108864 , tacoburns15 ,  when I rapüò§üëäüèºüé§üòé call me XXXTENTACIONüíØüî•üò°but when I design?  üñ•‚å®Ô∏èüñ±call me GFXXXTENTACION üò§üòúüòé ,
2017-02-28 12:48:15 , 836558632787509248 , tacoburns15 ,  We've really taken this too far guys...Credit:  ,
2017-02-26 16:11:16 , 835884948393447430 , tacoburns15 ,  zoom in on the roach  ,
2017-02-26 05:23:03 , 835721821391577088 , tacoburns15 ,  RIP Lamp456.  ,
2017-02-24 19:24:56 , 835208910835433476 , tacoburns15 ,  When you drop the mic with a well placed dragon strike.  ,
2017-02-23 22:47:53 , 834897595583561728 , tacoburns15 ,  Tired of these females lying  ,
2017-02-23 02:51:50 , 834596600186011648 , tacoburns15 ,  I MET TANA MONBUESESS  ,
2017-02-23 01:55:54 , 834582524995190786 , tacoburns15 ,  This dude got cheated on and she wrote him an apology letter and he graded it üò≠üò≠  ,
2017-02-22 12:35:50 , 834381180338319360 , tacoburns15 ,  these are getting out of hand  ,
2017-02-19 16:48:57 , 833357717305712641 , tacoburns15 ,  Great idea ..... when playing Madden üòâ  ,
2017-02-17 19:42:03 , 832676505306198016 , tacoburns15 ,  New battery for your smoke alarm  ,
2017-02-17 05:41:44 , 832465031505645570 , tacoburns15 ,  Where are all of the Ghost N Skulls 2 videos? And people said we made things too easy in RitR.üòéRaveInTheRedwoods ,
2017-02-16 22:19:22 , 832353705894764545 , tacoburns15 ,  Pewdiepie my response but its out of context  ,
2017-02-15 06:31:00 , 831752653864595456 , tacoburns15 ,  Just got in a car accident :/  ,
2017-02-14 20:29:10 , 831601198880915457 , tacoburns15 ,  FIRST OFFICIAL CRASHBANDICOOT 2 SCREENSHOTS LEAKEDSPREAD IT  ,
2017-02-14 20:16:18 , 831597959238340608 , tacoburns15 ,  Just... Just stop Just delete this article (and the website)  ,
2017-02-14 17:01:39 , 831548975249518592 , tacoburns15 ,  For anyone needing a card for someone special this Valentines Day  you're welcome üòÇüòÇ( ,
2017-02-14 12:07:17 , 831474892512043008 , tacoburns15 ,   Remember the journey  fellas. It all led to this. MondayMotivation   ,
2017-02-12 18:50:40 , 830851632946638852 , tacoburns15 ,  working on a new video  ,
2017-02-12 08:09:48 , 830690355557314560 , tacoburns15 ,  ONE OF THE BEST VIDEOS OF ALL TIME  ,
2017-02-10 15:53:54 , 830082374088216576 , tacoburns15 ,  The people know what you did.  ,
2017-02-10 05:45:34 , 829929280427552768 , tacoburns15 ,  There's no  i  in  team  but there is a  c   u  in  court  ,
2017-02-10 00:15:01 , 829846093823348736 , tacoburns15 ,   I caught it! I caught it!  mic'd up during his incredible catch:   ,
2017-02-10 00:13:37 , 829845741464068096 , tacoburns15 ,  Thanks to for this sweet spot PS4share  ,
2017-02-09 22:14:08 , 829815672532303875 , tacoburns15 ,  okay NOW can i complain about my channel dying?? LOOOL  ,
2017-02-09 22:09:46 , 829814575231033345 , tacoburns15 ,   The play did go under review and the call was confirmed and that‚Äôs how the game ended.    ,
2017-02-08 21:25:43 , 829441100951777280 , tacoburns15 ,  The fuck Roger Goodell party rolls on  ,
2017-03-23 11:05:22 , 844867662119297027 , DiscombobPotato ,  OH NEW THING‚ú®Drawing panicatthedisco songs‚ú®rt if I still couldn't capture '‚Ä¶ ,
2017-03-22 19:54:02 , 844638318377783296 , DiscombobPotato ,  I just want to thank my friends at The Trash Fam‚Ñ¢. They're wonderful people  and they help make me happy. Thank you! üñ§‚Ä¶ ,
2017-03-18 14:15:39 , 843103610238058496 , DiscombobPotato ,  Me: hates life. Me: doesn't deserve any of the friends I have. Me: wants to delete all forms of ways to communicate.‚Ä¶ ,
2017-03-18 13:12:38 , 843087753822834688 , DiscombobPotato ,  Retweet if you support equality for all ! lgbt lovewins loveislove marriageequalityAU marriageequalityNI StPatric‚Ä¶ ,
2017-03-18 13:11:10 , 843087380932415488 , DiscombobPotato ,  HoW?does?one?attractive? ,
2017-03-18 13:07:33 , 843086473943547904 , DiscombobPotato ,  Hey...don't post pictures of people without their permission maybe they don't want their picture on the internet... ,
2017-03-16 16:56:41 , 842419359968575488 , DiscombobPotato ,  Brownies can be eaten for breakfast. Like if you agree. ,
2017-03-16 16:42:21 , 842415752242163714 , DiscombobPotato ,  I'd like to file a complaint: it's NationalPandaDay and my school didn't even cancel class. This is an offense to pan‚Ä¶ ,
2017-03-15 22:25:17 , 842139665167728640 , DiscombobPotato ,  No offence but I've worked so hard this past year and I'm still failing everything and am not good enough . end my suffer‚Ä¶ ,
2017-03-12 15:28:29 , 840947613805490179 , DiscombobPotato ,  that's a lot left friend I thought it was just 7 ,
2017-03-09 22:59:27 , 839973939828916225 , DiscombobPotato ,  Please never push someone to the point where they get physically sick just thinking about going to school bc of bullying. ,
2017-03-08 22:19:09 , 839601410127835139 , DiscombobPotato ,   reasons why I'm very glad to have Cora as a friend  ,
2017-03-08 22:16:31 , 839600746874175489 , DiscombobPotato ,  i dont remember showing her on that particular day. also gosh dont tag hannah she doesnt care about this ,
2017-03-08 08:08:51 , 839387422374801408 , DiscombobPotato ,  Me throughout the day : I'm so tired I need sleep           Me at 12:39 am : time to watc cadet kelly ,
2017-03-07 14:32:36 , 839121608728018945 , DiscombobPotato ,  Ah shite Melanie  you're right  we're a bunch of imaginary fairies and leprechauns over here  ,
2017-03-06 19:13:09 , 838829824173027328 , DiscombobPotato ,  how to motivation ,
2017-03-06 18:32:37 , 838819624527478784 , DiscombobPotato ,  YES  ,
2017-03-23 17:32:39 , 844965127833169922 , TailsPrower07 ,  Hello it is yuka's birthday pls love her ,
2017-03-23 16:53:20 , 844955232270499848 , TailsPrower07 ,  retweet for dancing lolis.  ,
2017-03-23 14:24:09 , 844917689298501634 , TailsPrower07 ,  How to cross a street in LA:Wait till Red Light. Start walking on the walk signal. Get hit by a truck. Someday arrive‚Ä¶ ,
2017-03-23 05:59:49 , 844790768933888000 , TailsPrower07 ,  What did the audience say about the skeleton comedian?  The skeleton was trying tibia little humerus.  ,
2017-03-23 05:30:24 , 844783364431241216 , TailsPrower07 ,  loli lifeguarding  ,
2017-03-23 04:11:18 , 844763460709761025 , TailsPrower07 ,  A dabbing Goku T-shirt is now officially the worst thing I've ever seen.  ,
2017-03-22 19:55:29 , 844638682162323456 , TailsPrower07 ,  Idolmustard cinderella grills starlight steak ,
2017-03-22 19:54:45 , 844638497701052418 , TailsPrower07 ,   choujigen_game_neptune neptune noire  ,
2017-03-22 19:44:33 , 844635931273547776 , TailsPrower07 ,  If everyone prices everything based off Ebay then why would I buy it from you when I can got a phone in my pocket with t‚Ä¶ ,
2017-03-22 19:44:26 , 844635901464641536 , TailsPrower07 ,  If I go to a thrift store ; they got Ebay as their go-to for pricing I turn right the fuck aroundThat's not why people‚Ä¶ ,
2017-03-22 18:11:04 , 844612406575878144 , TailsPrower07 ,  we failed to kill anime and now we must atone for our sins  ,
2017-03-21 23:41:07 , 844333078709501952 , TailsPrower07 ,  I'M SO SO SO PROUD OF THE PROGRESS OF MY DAUGHTER üíöüíñ  ,
2017-03-21 19:08:57 , 844264584928247811 , TailsPrower07 ,  NONO'S LOOKING DIRECTLY AND CONFIDENTLY AT THE CAMERA THIS CHARACTER PROGRESSIONüò≠  ,
2017-03-21 05:25:31 , 844057363606835200 , TailsPrower07 ,  sae: imame: KONCHIKICHIN KONCHIKICHIN MATSURI BAYASHI GA OKOSHIYASU  ,
2017-03-21 00:05:21 , 843976787239604225 , TailsPrower07 ,  CG Girls: ONEGAI--me: SHINDERERA YUME WA YUME DE OWARENAI  ,
2017-03-21 00:04:54 , 843976677604671489 , TailsPrower07 ,  Retweet Anime Bob Ross for eternal health and wellness  ,
2017-03-20 22:03:03 , 843946009352982533 , TailsPrower07 ,  Booty.........That's allThank you ,
2017-03-20 21:35:42 , 843939128282701824 , TailsPrower07 ,  I'm alive. And not dead. ,
2017-03-20 21:17:59 , 843934667950772225 , TailsPrower07 ,  DanganRonpa  ,
2017-03-20 17:18:13 , 843874331394527236 , TailsPrower07 ,  Sae KobayakawaSae KobayaKobayBuy jewelsI cracked the code ,
2017-03-20 17:10:52 , 843872481815511045 , TailsPrower07 ,  nana: min min min min min minme: UUUUSAAMIN  ,
2017-03-18 19:54:50 , 843188968736854021 , TailsPrower07 ,  Hey atheists  if the thing humans know as  God  isn't real  explain this.  ,
2017-03-18 18:08:22 , 843162173866172416 , TailsPrower07 ,  UPON HEARING NUDES LEAKEDMost Fans: Searching on phones for them!Me: Ignoring because I have respect for Pa‚Ä¶ ,
2017-03-17 06:31:40 , 842624458884046848 , TailsPrower07 ,  here's mirei's voice!  ,
2017-03-17 00:11:48 , 842528861543981056 , TailsPrower07 ,  SO BLESSED SO GRATEFUL THANK YOU  ,
2017-03-16 07:06:36 , 842270860551557121 , TailsPrower07 ,  aaaaaaa  ,
2017-03-16 00:11:07 , 842166301908975617 , TailsPrower07 ,  I always fall asleep to videos as it helps my mind not trail to thoughts it shouldn't ,
2017-03-15 21:59:04 , 842133069104586752 , TailsPrower07 ,  We've got FIVE swag packs leftover from PaxEast2017 - two with gear. Like and retweet for a chance to win‚Ä¶ ,
2017-03-15 21:41:18 , 842128598144303109 , TailsPrower07 ,  Best friends  ,
2017-03-15 20:59:20 , 842118038249959425 , TailsPrower07 ,  Ready for this year‚Äôs EggHunt2017? Check the image below to find out how you can help reveal 3 eggs before the event starts! h‚Ä¶ ,
2017-03-14 22:19:33 , 841775837464694785 , TailsPrower07 ,  Bray / Orton ,
2017-03-13 17:52:53 , 841346341330665476 , TailsPrower07 ,  thank u frederica for existing i love u SO MUCH XOXOXO üíï‚ù§Ô∏è  ,
2017-03-13 07:53:13 , 841195428766978051 , TailsPrower07 ,  We won't be re-printing our Steins;Gate T-Shirt  so grab one while you can! Art via  ,
2017-03-12 10:08:22 , 840867052097265665 , TailsPrower07 ,  I like video games! ,
2017-03-12 10:00:48 , 840865150206922752 , TailsPrower07 ,  Life is a series of hills. When you're in the low parts  theres always a hill taking you back up in the near future. Always‚Ä¶ ,
2017-03-12 09:38:41 , 840859584361308160 , TailsPrower07 ,  ruuri (riina) and fuurin (rin) - nation blue (live)  30SecDeremas_Bot ,
2017-03-12 09:37:24 , 840859260200316929 , TailsPrower07 ,  miria akagi (cv: tomoyo kurosawa; moyochi) - romantic now (live)  30SecDeremas_Bot ,
2017-03-12 06:41:18 , 840814942580269057 , TailsPrower07 ,  Spread the damn word!  ,
2017-03-12 05:35:11 , 840798301570117632 , TailsPrower07 ,  First Sakura of spring! I'm in Ueno park now  hitting some museums.  ,
2017-03-12 03:48:52 , 840771547199635456 , TailsPrower07 ,  Night everyone have a loli  ,
2017-03-11 09:09:25 , 840489830047977472 , TailsPrower07 ,  Cool  a new notiflication.*insert random furry here* retweeted your tweet.  ,
2017-03-10 07:31:56 , 840102908188217344 , TailsPrower07 ,  tachibana arisuartist: takeya  ,
2017-03-10 03:55:41 , 840048488146690048 , TailsPrower07 ,  Just realized this is going to be the 4th consecutive Wrestlemania where the champ going in is a part timerHmmmmm..... ,
2017-03-10 03:29:43 , 840041951927902209 , TailsPrower07 ,  Bruh I can't XD  ,
2017-03-10 02:21:47 , 840024858520109056 , TailsPrower07 ,  Who is the best girl in Gabriel Dropout and why is it Sataiichi?  ,
2017-03-10 02:18:34 , 840024048822280192 , TailsPrower07 ,  Me when I arrive back home from school  ,
2017-03-10 02:16:47 , 840023596898615296 , TailsPrower07 ,  Gathering intel on flights. Staking out baggage. Intrusively demanding autographs. That's called stalking. It's not okay. S‚Ä¶ ,
2017-03-09 22:13:22 , 839962339080282113 , TailsPrower07 ,  me when gabriel dropout still hasn't resolved satania's bullying  ,
2017-03-09 20:54:48 , 839942567831695360 , TailsPrower07 ,  HAPPY MIKU DAY AMERICA!  ,
2017-03-09 19:52:24 , 839926864923791360 , TailsPrower07 ,  Cyberdimension Neptunia: 4 Goddesses Online comes to PS4 (NA/EU) ; this Winter 2017!  ,
2017-03-09 03:23:34 , 839678017479852033 , TailsPrower07 ,  The album art for the song  Treasure‚òÖ  was unveiled on the radio show  CINDERELLA PAY! . It is unknown when the album w‚Ä¶ ,
2017-03-09 00:28:57 , 839634075405148160 , TailsPrower07 ,  Happy InternationalWomensDay  ,
2017-03-09 00:28:46 , 839634029645299712 , TailsPrower07 ,  Happy Miku Day! (3/9 JP)  ,
2017-03-08 20:59:13 , 839581292203241477 , TailsPrower07 ,  It's Miku Day in japan! Happy Miku Day!  ,
2017-03-08 20:25:41 , 839572853242605568 , TailsPrower07 ,  It's okay to not be okay as long as you're not giving up. ,
2017-03-08 18:38:53 , 839545975236673539 , TailsPrower07 ,  KannaBlech  ,
2017-03-08 17:45:42 , 839532592311513090 , TailsPrower07 ,  LiPPS!  ,
2017-03-08 07:34:32 , 839378786965684224 , TailsPrower07 ,  Your daily inappropriate tweet. Before Steins;Gate made it more popular  Japanese hated Dr. Pepper.  ,
2017-03-08 04:29:07 , 839332124633284610 , TailsPrower07 ,  The lumberjack loved his new computer. He especially enjoyed logging in. ,
2017-03-08 01:38:56 , 839289296074985473 , TailsPrower07 ,  26.) THE SCREAM ,
2017-03-08 01:25:16 , 839285858436022272 , TailsPrower07 ,  This is the Cagliostro of good draw   to get SSR in your next pull  ,
2017-03-07 18:00:37 , 839173960503812097 , TailsPrower07 ,  when a famous account followed you and then unfollowed you the next day  ,
2017-03-07 01:18:19 , 838921721474342917 , TailsPrower07 ,  Raphiel finally getting some of her own medicine üëä  ,
2017-03-07 01:09:48 , 838919580366090240 , TailsPrower07 ,  Just wanted to remind you that Persona5 is just one more month away ,
2017-03-06 20:59:03 , 838856476798115841 , TailsPrower07 ,  TODAY IS THE ONLY DAY YOU CAN RETWEET THIS  ,
2017-03-06 05:34:52 , 838623898631565312 , TailsPrower07 ,  hope everyone has a wonderful monday!  ,
2017-03-06 02:18:31 , 838574482159652864 , TailsPrower07 ,  Just sending it out there  if you guys have never played Steins;Gate  I HIGHLY recommend that you do.  You will not regr‚Ä¶ ,
2017-03-05 20:31:12 , 838487079050952709 , TailsPrower07 ,  Inori no Hana / Flower of Prayer - Yoshino Yorita (THE IDOLMCINDERELLA MASTER 048)  ,
2017-03-05 07:05:00 , 838284191473221633 , TailsPrower07 ,  Hm  is this pic of Kurisu doing Miko cannon? I think it‚Äôs just a nice illustration  not official (unless it‚Äôs another worldline)‚Ä¶ ,
2017-03-04 22:40:49 , 838157308660166656 , TailsPrower07 ,  Everyone today:  ,
2017-03-03 04:34:13 , 837521469340987396 , TailsPrower07 ,   ..I hope you are all excited for the release of our new console tomorrow~   ,
2017-03-02 20:00:43 , 837392244659240961 , TailsPrower07 ,  when my friends need someone to talk to vs when i need someone to talk to  ,
2017-03-02 07:42:18 , 837206415286632448 , TailsPrower07 ,  Are you getting a switch? plz vote ,
2017-03-02 07:23:10 , 837201601135783937 , TailsPrower07 ,  Does this happen to you?  ,
2017-03-02 06:50:32 , 837193387942023168 , TailsPrower07 ,  me: -goes to twitch page- not that many people are streaming right nowme 5 seconds later: i should see who is streamin‚Ä¶ ,
2017-03-02 02:26:25 , 837126920093511680 , TailsPrower07 ,  Source: Nyanko Days  ,
2017-03-01 15:13:35 , 836957594707197952 , TailsPrower07 ,  ichinose shiki  miyamoto frederica  shiomi shuuko  ,
2017-03-01 02:18:16 , 836762481108344832 , TailsPrower07 ,   Retweet for a hopeful tomorrow.   ,
2017-02-28 19:06:09 , 836653736663609344 , TailsPrower07 ,  being happy shouldn‚Äôt be this hard ,
2017-02-28 19:05:48 , 836653647865991168 , TailsPrower07 ,  Retweet if you like retweeting stupid crap for no reason ,
2017-02-28 18:15:17 , 836640933915553793 , TailsPrower07 ,  googling your symptoms  ,
2017-02-28 18:09:40 , 836639522318348288 , TailsPrower07 ,  RIP  ,
2017-02-28 17:29:33 , 836629427089965056 , TailsPrower07 ,  There's a HUGE difference between a RIGHTEOUS fight and a SELF-RIGHTEOUS one. ,
2017-03-23 19:26:25 , 844993756541714445 , aukkuuu ,  someone separate them  ,
2017-03-23 19:25:39 , 844993563775655937 , aukkuuu ,  Death Note (2017)  ,
2017-03-23 19:19:47 , 844992088139874304 , aukkuuu ,  Mfw sex  ,
2017-03-23 19:14:01 , 844990637057490944 , aukkuuu ,  I just need men to shut up for one day. One. Whole. Day.  ,
2017-03-23 18:55:10 , 844985892037181440 , aukkuuu ,  my boyfriend is called aoba ,
2017-03-23 18:54:16 , 844985667763539971 , aukkuuu ,  song: I WANNA BE THE VERY BEST  LIKE NO ONE EVER WASme: TO CATCH THEM IS MY REAL TEST  TO TRAIN THEM IS MY CAUSE  ,
2017-03-23 18:54:08 , 844985631054970880 , aukkuuu ,  death note (2017)  ,
2017-03-23 18:52:58 , 844985338443550720 , aukkuuu ,  Neat  ,
2017-03-23 18:52:21 , 844985182587441154 , aukkuuu ,  CRIMINY JIM-JAM!!! YOU MESSED UP MY DOLLAR...........RAMA.  ,
2017-03-23 18:52:11 , 844985143332917250 , aukkuuu ,  He plays fetch and loves to chew bones!  NationalPuppyDay  ,
2017-03-23 18:51:57 , 844985084012834823 , aukkuuu ,  Hello  Kitty Cat  you miss me? We really need to stop meeting like this. People are gonna talk. ,
2017-03-23 18:51:31 , 844984972142358528 , aukkuuu ,  artist: open commissions! here are the pricesperson: i don't have money artist:  ,
2017-03-23 18:51:08 , 844984875467915264 , aukkuuu ,  ROWLETT NO    DONT JUST!! LET THIS HAPPEN!!  ,
2017-03-23 17:19:25 , 844961794737262596 , aukkuuu ,  JUMPING SPIDER ON MY JACKET IT'S SO ADORABLE AAAAAAAAA  ,
2017-03-22 21:41:35 , 844665386771648513 , aukkuuu ,  Me.  ,
2017-03-22 21:41:19 , 844665316781314055 , aukkuuu ,  abomination  ,
2017-03-22 21:40:40 , 844665152150671360 , aukkuuu ,  the 4 horsemen of the apocalypse  ,
2017-03-22 20:51:08 , 844652689367748608 , aukkuuu ,  It disgusts me that I can purchase these weapons without any background checks  ,
2017-03-22 20:49:33 , 844652289944117250 , aukkuuu ,  Pleasure is not happiness ,
2017-03-22 20:42:54 , 844650615246671872 , aukkuuu ,  it rained.üåµ  ,
2017-03-22 20:36:12 , 844648930105286656 , aukkuuu ,  BATWOMAN  ,
2017-03-22 20:28:04 , 844646882773270528 , aukkuuu ,  when you order something online vs when it arrives  ,
2017-03-22 20:23:32 , 844645744745365504 , aukkuuu ,  I JUST FOUND THE PERFECT PIC TO DESCRIBE ME  ,
2017-03-22 19:58:43 , 844639499053359104 , aukkuuu ,  Feeling extra floofy!pokemon eevee  ,
2017-03-22 19:58:40 , 844639484004192256 , aukkuuu ,  When I saw the the cast Netflix picked for Death Note  ,
2017-03-22 18:27:29 , 844616538321829893 , aukkuuu ,  You'll never be a school idolWhy live? ,
2017-03-22 18:27:25 , 844616521263525888 , aukkuuu ,  Just poke their vagina  then run away. Bullying solved!  ,
2017-03-22 18:22:18 , 844615234249723904 , aukkuuu ,  I just came here to have a good time and I'm honestly feeling so attacked right now ,
2017-03-22 18:20:53 , 844614875997519874 , aukkuuu ,  Bullying doesn't seem too bad anymore  ,
2017-03-22 18:20:33 , 844614792472150019 , aukkuuu ,  EXCUSE ME?!?!? KILL THAT HORRIBLE BEING!! NOW ,
2017-03-22 17:42:00 , 844605093659987969 , aukkuuu ,  how hentai dude creates his hit tracks exclusive behind the scene secrets exposedsong name :  hit that bitch with the u‚Ä¶ ,
2017-03-22 17:36:05 , 844603604111671296 , aukkuuu ,  Aukku you're some kind of witch @aukkuuu ,
2017-03-22 17:36:03 , 844603594737373188 , aukkuuu ,  What the shit  ,
2017-03-22 17:19:17 , 844599376026767360 , aukkuuu ,  LGBT actually stands forLet¬¥sGet down toBusiness To defeat the huns ,
2017-03-22 17:19:15 , 844599365071241218 , aukkuuu ,  I love cats ,
2017-03-22 17:19:10 , 844599345982910466 , aukkuuu ,  I'll hold onto you. I won't turn away. ,
2017-03-22 17:18:58 , 844599296561434625 , aukkuuu ,  Wednesday  March 22Cosmo had an idea. THIS IS THE ONLY DAY U CAN  THIS  ,
2017-03-22 17:18:28 , 844599169767657472 , aukkuuu ,  Hope and peace are lost forever. ,
2017-03-22 16:53:36 , 844592911182385152 , aukkuuu ,  just a super quick sketch of jill from VA-11 Hall-A to wind down after work...! rkgk  ,
2017-03-22 16:46:38 , 844591160077307905 , aukkuuu ,  They turned Death Note white- let me just...  ,
2017-03-22 16:46:26 , 844591106595672064 , aukkuuu ,  that death note netflix mess  ,
2017-03-22 16:32:36 , 844587627856773120 , aukkuuu ,  Yo why does Light look like someone who tried to join a pop punk band but failed lmao.  ,
2017-03-22 16:32:11 , 844587521820495872 , aukkuuu ,  TipsForDatingMyEx  prepare to feel like this  ,
2017-03-22 15:50:45 , 844577092767551489 , aukkuuu ,  how'd he have time to write all those plays then  ,
2017-03-22 15:44:05 , 844575418766241792 , aukkuuu ,  Please don't suck please don't suck please don't suck  ,
2017-03-22 15:34:05 , 844572900632006660 , aukkuuu ,  AFTER NEARLY 2 YEARS MY IPAD HAS A NEW LOCKSCREEN  ,
2017-03-22 11:13:35 , 844507342809026560 , aukkuuu ,  Wicked For good.  ,
2017-03-22 10:52:30 , 844502037375205376 , aukkuuu ,  Ruby  Yang  Blake... Ice Queen. ,
2017-03-22 10:52:23 , 844502006781952000 , aukkuuu ,  I did a thing-  ,
2017-03-21 14:56:43 , 844201107450662913 , aukkuuu ,  Bend me  shape me  build me  break me. Why was I your fool? ,
2017-03-21 13:02:23 , 844172337444458496 , aukkuuu ,  What Saikawa wants from Kanna  ,
2017-03-21 13:02:06 , 844172265164029952 , aukkuuu ,  Bad people   ,
2017-03-23 15:50:03 , 844939305135095809 , alexrievman ,  At Ohio St Pro Day: Belichick  Bowles  Tomlin  Hue  Harbaugh  Mularkey  Payton  Caldwell  Lewis. Seven GMs incl Maccagn‚Ä¶ ,
2017-03-23 01:40:45 , 844725573788352513 , alexrievman ,  Saw a player on Peurto Rico smile. Put the next one in his earhole ,
2017-03-22 10:55:44 , 844502849602142209 , alexrievman ,  Jets likely to draft a first round QB for the first time since Mark Sanchez?Word is they're very high on Trubisky and‚Ä¶ ,
2017-03-21 18:34:46 , 844255983501238272 , alexrievman ,  Shooter's shoot  ,
2017-03-21 17:29:15 , 844239493771268096 , alexrievman ,  Mitch says he has individual team workouts set up with Browns  Jets  49ers  Chiefs  among others. ,
2017-03-21 16:01:53 , 844217506768310272 , alexrievman ,  Weirdo  ,
2017-03-21 11:34:20 , 844150175325196288 , alexrievman ,  SOUTH SWEET 16(EXP score as 50% of vote)1-Florida State (53.4%)4-Florida (46.6%) @FSU_MBb‚Ä¶ ,
2017-03-21 10:53:57 , 844140014724399105 , alexrievman ,  Colin Kaepernick gave a million dollars to feed starving children last year.Trump wants to cut Meals on Wheels and Med‚Ä¶ ,
2017-03-20 23:10:39 , 843963025090666499 , alexrievman ,  Spicer raises the bar of stupidity impressively higher with each passing word out of his mouth  ,
2017-03-20 21:42:59 , 843940962875461632 , alexrievman ,  When President Trump finds out a member of the media stole Tom Brady's jersey  ,
2017-03-20 10:39:05 , 843773884465864704 , alexrievman ,  Alford would have gotten fired if it wasn't for his son being on the team and now Lonzo Ball just saved h‚Ä¶ ,
2017-03-20 02:49:33 , 843655725251543042 , alexrievman ,  Sad that so many snowflake's go into there safe space when confronted w facts  ,
2017-03-20 02:18:03 , 843647796582514688 , alexrievman ,  shouldn't Baylor be staying away from Sweet 16 parties?  ,
2017-03-19 16:54:59 , 843506097004711936 , Lilypeacockx ,  yes  ,
2017-03-14 06:32:29 , 841537499881209857 , Lilypeacockx ,  This world so crazy  being a psycho is normal ,
2017-03-12 22:51:23 , 841059071839072257 , Lilypeacockx ,  when it's pay day and you start buying stuff you don't really need  ,
2017-03-10 21:30:01 , 840313817842253825 , Lilypeacockx ,  Yep  ,
2017-03-10 17:46:08 , 840257475660136449 , Lilypeacockx ,  those swatches üòçüòç  ,
2017-03-07 15:45:39 , 839139993004224512 , Lilypeacockx ,  Bring on the summer can't wait for a week in the sun with ma bestie üíÅüèΩüåûüçπüë≠üå¥ ,
2017-02-21 12:32:54 , 834018057345499136 , Lilypeacockx ,  i watch this video every time it pops up on my timeline   ,
2017-02-15 23:01:29 , 832001916662120448 , Lilypeacockx ,  thank you for the love girls üòòüòòüòòüíóüíó‚ò∫Ô∏è‚ò∫Ô∏è ,
2017-02-14 23:01:26 , 831639515215360001 , Lilypeacockx ,  Moorside is Sheridan Smith's best performance since  ,
2017-02-07 22:18:41 , 829092043360235520 , Lilypeacockx ,  It's CRAZY how many songs fit over 'Shape Of You' by Ed Sheeran!! Listen now!!  ,
2017-02-06 22:49:54 , 828737510259953664 , Lilypeacockx ,   Boy advice from a 4th grader   üòÇ  ,
2017-03-23 18:42:57 , 844982819449454592 , itsme_aakanksha ,  Tributes to Bhagat Singh  Rajguru ; Sukhdev! We will never forget their courage ; sacrifice. ShaheedDiwas  ,
2017-03-23 18:35:05 , 844980840245444608 , itsme_aakanksha ,  Omkara‚Äôs actions have left us stunned! DilBoleyOberoi  ,
2017-03-23 18:35:00 , 844980817113858048 , itsme_aakanksha ,  SquadGoals redefined. Kaira KairaVivaah  ,
2017-03-22 15:26:54 , 844571093730021379 , itsme_aakanksha ,  A battle between heart and mind. Avni  Neil and Ali's story to unfold a new chapter on Naamkarann  ,
2017-03-22 15:25:51 , 844570826682908672 , itsme_aakanksha ,  With the sacred fire as a witness to their union  he promised to hold her hand always and forever. Kaira KairaVivaah. @shiv‚Ä¶ ,
2017-03-20 18:58:16 , 843899511038771208 , itsme_aakanksha ,  Few hours till they officially become Mr. ; Mrs. Kaira KairaVivaah  ,
2017-03-20 05:46:50 , 843700339014549504 , itsme_aakanksha ,  Thanks TopNewFollowers Happy to connect :) (insight by  ,
2017-03-19 07:23:31 , 843362283271131136 , itsme_aakanksha ,  Raking in all the love! Baahubali2trailer becomes India's most liked trailer on Youtube!  ,
2017-03-18 06:32:04 , 842986947425587200 , itsme_aakanksha ,  A destination wedding in a grand palace! Kaira just can't contain their excitement. KairaVivaah @momo_mohs‚Ä¶ ,
2017-03-18 06:31:52 , 842986896255057921 , itsme_aakanksha ,  What happens when you enter a family that believes in things you don't? EkAasthaAisiBhee  Starts 3rd April at 1:30pm. StarP‚Ä¶ ,
2017-03-17 18:44:23 , 842808850784931840 , itsme_aakanksha ,  Congratulations my fav candidate and all the best. F45 all the way! Thank you for spreading fitness !!!! En‚Ä¶ ,
2017-03-17 18:43:57 , 842808741821104128 , itsme_aakanksha ,  A very happy birthday to my assistant Moses. Thank you for being so patient and making my work and life so much easier.‚Ä¶ ,
2017-03-15 19:21:08 , 842093324861333504 , itsme_aakanksha ,  Tonight at 9pm only on get urself hooked on to it thanks sir .Excited to be part of‚Ä¶ ,
2017-03-14 19:38:24 , 841735282328260609 , itsme_aakanksha ,  A very happy birthday to this cutiepie üòòüòòüòò  ,
2017-03-12 19:42:21 , 841011501058129921 , itsme_aakanksha ,  Time to create our own la la land with NachBaliye8  ,
2017-03-12 19:41:07 , 841011188288913408 , itsme_aakanksha ,  It‚Äôs finally time for Kartik to wear his pagdi as he gets ready to set foot into his new life. Kaira KairaVivaah @momo_mohs‚Ä¶ ,
2017-03-12 19:39:59 , 841010905345347585 , itsme_aakanksha ,  May the festival of colours bring more cheerful colours in your life. HappyHoli to everyone!  ,
2017-03-12 19:37:53 , 841010375474761732 , itsme_aakanksha ,  Show your support for Haitham by giving him a missed call on the below number! (For India users only) DilHaiHindustani  ,
2017-03-12 19:20:46 , 841006067760934913 , itsme_aakanksha ,  I J U S T W A N T T O T H A N K G O D F O R E V E R Y T H I N G .RETWEET IF YOU DOm‚Ä¶ ,
2017-03-12 19:09:35 , 841003254309933056 , itsme_aakanksha ,  How can one not fall in love wd n in BadrinathKiDulhaniya . Full paisa Vasool.. loved it n had some gr‚Ä¶ ,
2017-03-11 19:48:17 , 840650605018390532 , itsme_aakanksha ,  Badri love all the way from my dubai iconic family razabaig. Feels good when you have right people with you.  ,
2017-03-11 19:39:37 , 840648423351177217 , itsme_aakanksha ,  A never heard before declaration of ishqbaaazi by Shivaay. Ishqbaaaz  ,
2017-03-11 19:22:37 , 840644144842342400 , itsme_aakanksha ,  BadrinathKiDulhaniya Outstanding Film Makes U Laugh In One Scene ; Cry In Another Superbüëâ ,
2017-03-11 19:00:47 , 840638652887769089 , itsme_aakanksha ,  Move on from your past and be done with it. Your bitterness won't change a thing. Stop stressing over it and let it go. ,
2017-03-11 18:59:18 , 840638277493350400 , itsme_aakanksha ,  InternationalWomensDay  ,
2017-03-11 18:48:12 , 840635485705891840 , itsme_aakanksha ,  You very well deserved it ‚ù§‚ù§ UdtaPunjab ZeeCineAwards2017  ,
2017-03-11 18:45:19 , 840634758572969984 , itsme_aakanksha ,  Happy Birthday to the queen of millions hearts ‚ô• LoveAlways HappyBirthdayShreyaGhoshal  ,
2017-03-11 18:45:00 , 840634677702623233 , itsme_aakanksha ,  Let's hang ‚úåÔ∏è  ,
2017-03-11 18:44:24 , 840634529991786496 , itsme_aakanksha ,  Always a lovely sight.  ,
2017-03-08 19:49:21 , 839563711249584134 , itsme_aakanksha ,  Happy women's day my beautiful   strong  empowered sisters. Thankyou NagAshwin for this .@KeerthyOff‚Ä¶ ,
2017-03-08 19:16:33 , 839555457735933952 , itsme_aakanksha ,  Kaamyabi sirf Soch dekhti hai. This Women‚Äôs Day  Yashpal shares his NayiSoch for his daughter Durga.  ,
2017-03-08 19:04:22 , 839552387786412041 , itsme_aakanksha ,  My amazing mother receiving her Nari Shakti Purashkaar award for her outstanding services to society. Couldn't be more‚Ä¶ ,
2017-03-08 18:50:49 , 839548980841316352 , itsme_aakanksha ,  Shooon Te Shaaan. NayiSochLove. a.  ,
2017-03-08 04:04:22 , 839325898885197825 , itsme_aakanksha ,  Very interesting in his upcoming movie InduSarkar directed by  ,
2017-03-06 19:09:35 , 838828925207871488 , itsme_aakanksha ,  Don‚Äôt let your obstacles defeat you. MotivationMonday ,
2017-02-19 19:11:30 , 833393590537641984 , itsme_aakanksha ,  2 Years Of BadlapurOne word - Masterpiece. Thank you for doing it Thank you to the whole team.  ,
2017-02-19 18:51:01 , 833388438111952896 , itsme_aakanksha ,  Shahid Kapoor Birthday is on 25 Feb....Not Today.. ,
2017-02-19 18:46:08 , 833387206584590336 , itsme_aakanksha ,  Cutting down 2 400 trees to build a shed is not development. It should be a crime  in my humble opinion. SaveAarey Save‚Ä¶ ,
2017-02-19 18:45:24 , 833387024962850816 , itsme_aakanksha ,  Right....!!üôèüôè ,
2017-02-18 19:12:27 , 833031442271604736 , itsme_aakanksha ,  Good Night...!!üòáüòá ,
2017-02-12 19:32:04 , 830862053950750722 , itsme_aakanksha ,  Congratulation...!!üôÇüòä ,
2017-02-11 19:14:28 , 830495236212154368 , itsme_aakanksha ,  Yess... almost every time... Dunis matlabi hi hoti haiüòè ,
2017-02-11 19:01:39 , 830492010410819584 , itsme_aakanksha ,  Right..üòÇüòÇ ,
2017-02-08 19:10:12 , 829406998080999431 , itsme_aakanksha ,  Exited to watch it...üôÇüòäüòã ,
2017-03-23 19:26:06 , 844993679186022400 , DaddyAntichrist ,   Let's get down to business Me:  TO DEFEAT THE HUNS   ,
2017-03-23 19:22:22 , 844992737497661440 , DaddyAntichrist ,  me: helloher: heyme: supher: nothinme: coolher: wbyme: nothin i Luv Texting My Girlfriend So Fuxxing Much &lt;3 &lt;3 &lt;3 ,
2017-03-23 18:20:39 , 844977204106690560 , DaddyAntichrist ,  yo you mind if i„Ö§„Ö§„Ö§„Ö§„Ö§„Ö§respect some women  „Ö§„Ö§„Ö§„Ö§„Ö§„Ö§„Ö§„Ö§„Ö§ ,
2017-03-23 16:47:32 , 844953773734739968 , DaddyAntichrist ,  the outrage is crazy when it's the other way around  ,
2017-03-23 16:21:04 , 844947110776623104 , DaddyAntichrist ,  Things to drink in public:  ,
2017-03-23 16:08:12 , 844943875567366145 , DaddyAntichrist ,   Damn bruh my homie house got thought up   ,
2017-03-23 13:05:55 , 844898001000706048 , DaddyAntichrist ,  Best pickup line ever  ,
2017-03-23 04:02:52 , 844761338308050944 , DaddyAntichrist ,  literally üòÇ  ,
2017-03-23 03:24:49 , 844751763563433984 , DaddyAntichrist ,  OPEN THIS TWEET FOR A SECRET MESSAGE„Ö§„Ö§respect women ,
2017-03-23 03:23:40 , 844751472394850305 , DaddyAntichrist ,  honestly what the fuck is going on  ,
2017-03-22 22:48:11 , 844682144102268928 , DaddyAntichrist ,  I'm pregnant.  ,
2017-03-22 22:47:58 , 844682091254050817 , DaddyAntichrist ,  He really thought he had him beat.. üòÇüòÇ  ,
2017-03-22 22:24:54 , 844676285355872256 , DaddyAntichrist ,  But your profile picture is blurry ü§î  ,
2017-03-22 22:22:48 , 844675758400270336 , DaddyAntichrist ,   Thanks Ugly God  üé∂ *beat drops*  ,
2017-03-22 22:21:58 , 844675545606512640 , DaddyAntichrist ,  What in the hill billy yee haw john deer tractor confederate flag is going on  ,
2017-03-22 19:18:55 , 844629483168587776 , DaddyAntichrist ,  Snitches get stitches ,
2017-03-22 15:09:27 , 844566701576339457 , DaddyAntichrist ,  i love you @Twitter ,
2017-03-22 14:25:49 , 844555719839928320 , DaddyAntichrist ,  I never said this. I was talking about booty and toes the whole interview.  ,
2017-03-22 14:16:04 , 844553265773604864 , DaddyAntichrist ,  You know what...I'm about to say it...I think you're really cute and hope we can have a loving healthy relationship‚Ä¶ ,
2017-03-22 04:46:16 , 844409870220771328 , DaddyAntichrist ,  This will forever be funny lmao .  ,
2017-03-22 04:07:28 , 844400106149478400 , DaddyAntichrist ,  The  I drive like an asshole  sticker  ,
2017-03-22 02:50:43 , 844380792394461184 , DaddyAntichrist ,  sometimes you just need to go for a ride to clear your head üòî  ,
2017-03-22 01:40:39 , 844363159829864448 , DaddyAntichrist ,  my heart hurts... ,
2017-03-21 22:08:52 , 844309864083959808 , DaddyAntichrist ,  GOD BLESS TEXAS BABY  ,
2017-03-21 21:36:23 , 844301689528107008 , DaddyAntichrist ,  This why y'all relationships don't work out. Immature  petty ; stupid.  ,
2017-03-21 20:30:42 , 844285157494308864 , DaddyAntichrist ,  potheads: lazy  hungry  unmotivated crackheads: superhuman strength/abilities  can tame wild animals  transcendent ,
2017-03-21 20:28:31 , 844284607545589760 , DaddyAntichrist ,  this kid fucking sucks the sleeve of my shirt into the vacuum and goes  ill never let you go  ,
2017-03-21 17:56:58 , 844246468361826304 , DaddyAntichrist ,  did i handle this okay  ,
2017-03-21 15:54:58 , 844215766127845377 , DaddyAntichrist ,  this is the moment i have been waiting for  ,
2017-03-21 15:54:37 , 844215678554972160 , DaddyAntichrist ,  With the fan on medium  ,
2017-03-21 15:54:27 , 844215638885261313 , DaddyAntichrist ,  what the fuck ,
2017-03-21 03:35:20 , 844029633578205185 , DaddyAntichrist ,  When you ask your dog what they're eating and they start chewing faster  ,
2017-03-21 03:35:08 , 844029584093855744 , DaddyAntichrist ,  When she hits you with a  k  out of nowhere so you begin the scientific method to work out what the fuck you did wrong‚Ä¶ ,
2017-03-21 03:34:21 , 844029386043011072 , DaddyAntichrist ,  Her: ‚ÄúBabe looküò≠‚ÄùMe: ‚Äúhaha yeah I seen that already‚ÄùHer:  ,
2017-03-21 01:16:03 , 843994582207537152 , DaddyAntichrist ,   Steal this tweet in 3..2..   ,
2017-03-21 00:39:05 , 843985280176545793 , DaddyAntichrist ,  All the B kids in jail rn  ,
2017-03-21 00:03:32 , 843976332044255232 , DaddyAntichrist ,  i give my girl my all cus i know theres that one nigga waiting for me to fuck up ,
2017-03-20 23:18:12 , 843964922849443841 , DaddyAntichrist ,  when a uk rapper says they got a burner  ,
2017-03-20 17:54:50 , 843883545449779201 , DaddyAntichrist ,  Y'all see him take the phone üòÇüòÇ  ,
2017-03-20 06:38:05 , 843713234850930689 , DaddyAntichrist ,  hahaha threw up ,
2017-03-20 05:11:01 , 843691323261575171 , DaddyAntichrist ,  we all been thru this  ,
2017-03-20 03:53:05 , 843671713363587072 , DaddyAntichrist ,  I wanna see Logan ,
2017-03-20 03:44:05 , 843669445587288064 , DaddyAntichrist ,  Being high in front of your parents is like trying to do your best impression of yourself ,
2017-03-20 03:25:00 , 843664645382537216 , DaddyAntichrist ,  is this really gunna be the next trending meme? cuz im fukkin disappointed  ,
2017-03-19 22:09:29 , 843585241457483776 , DaddyAntichrist ,  free him  ,
2017-03-19 22:09:00 , 843585122393759744 , DaddyAntichrist ,   hey  can I borrow your homework?   yeah  just change it up a bit so it's not obvious that you copied  alright  than‚Ä¶ ,
2017-03-19 20:14:37 , 843556335723589632 , DaddyAntichrist ,  I'm just scrolling on tl and I saw this video and I hysterically busted out in tears. Why tf did he do that? üòÇüòÇ¬† ,
2017-03-19 18:00:52 , 843522674642972672 , DaddyAntichrist ,  I wanna die ,
2017-03-19 17:03:15 , 843508176729255936 , DaddyAntichrist ,  if imagining your girl with another guy doesn't make you feel sick then wyd ? ,
2017-03-19 13:33:16 , 843455332219146240 , DaddyAntichrist ,  Boy I thought you really had a hand in there  ,
2017-03-19 05:12:45 , 843329373725843457 , DaddyAntichrist ,  Tonight was one for the books ‚ù§Ô∏èÔ∏è ,
2017-03-19 00:46:29 , 843262365810401280 , DaddyAntichrist ,  nvm FUCK drake ,
2017-03-19 00:16:00 , 843254693392338944 , DaddyAntichrist ,   if you not worried because you are a wholesome faithful black man.  ,
2017-03-18 15:59:33 , 843129758523183104 , DaddyAntichrist ,  tyler the creator forgot his verse so he decides to freestylehe kills itit makes me extremely happy  ,
2017-03-18 15:59:01 , 843129622136946688 , DaddyAntichrist ,  i am too fucking down for this  ,
2017-03-18 04:02:43 , 842949362695135232 , DaddyAntichrist ,  negative ,
2017-03-18 04:01:52 , 842949146583605248 , DaddyAntichrist ,  Fuck u nigger   ,
2017-03-18 02:25:50 , 842924977724641281 , DaddyAntichrist ,  I love Alanna ,
2017-03-18 02:08:17 , 842920562531868672 , DaddyAntichrist ,  your mcm keeps the safeties on his lighters ,
2017-03-17 23:12:55 , 842876430136487936 , DaddyAntichrist ,  Life is honestly all about the finesse ,
2017-03-17 22:49:22 , 842870505036120064 , DaddyAntichrist ,  y'all mind if i... give my girlfriend the world and constantly reaffirm my love for her each and every day ,
2017-03-17 22:45:23 , 842869500303233024 , DaddyAntichrist ,  MLK was murdered by James Earl Ray. April 4  1968. I tracked down his bloodline and now his Gdaughter my pet horse. ht‚Ä¶ ,
2017-03-17 19:47:55 , 842824839375212544 , DaddyAntichrist ,  never forget  ,
2017-03-17 19:45:15 , 842824167808364545 , DaddyAntichrist ,  Holy Shitüòàüòç  ,
2017-03-17 19:17:56 , 842817294480814080 , DaddyAntichrist ,  So we gone act like that girl didn't just appear out of no where!?  ,
2017-03-17 19:17:31 , 842817189937782784 , DaddyAntichrist ,  Give Me 4 Thousand Likes Me And Lil Pump Will Shoot The Where's The Blow Video Today ,
2017-03-17 16:19:19 , 842772345039216641 , DaddyAntichrist ,  i CANT GO iNTO PUBLiC BECUZ iM SUPER FAMOUS  ,
2017-03-17 15:54:23 , 842766068397494272 , DaddyAntichrist ,  Gonna end‚ÅâÔ∏èüòÇüòÇ this is only the beginning üòà because the grind‚úäüèºüíØ never stops‚ùåüôÖüèª all the glory goes to Him‚òùüèªüëºüèº  ,
2017-03-17 14:12:06 , 842740327131705345 , DaddyAntichrist ,  A picture of a naked girl can get 1000 rts BUT HOW MANY  CAN WE GET FOR THESE TROOPS?  ,
2017-03-17 13:44:37 , 842733414839021569 , DaddyAntichrist ,  QUICK LESSON FOR YOU PEOPLE WHO DON'T KNOW THE DIFFERENCE.  ,
2017-03-17 04:31:34 , 842594233869451265 , DaddyAntichrist ,  Best friends don't talk shit about you behind ur back ,
2017-03-17 04:18:26 , 842590929957535744 , DaddyAntichrist ,  when you take off your hat and she sees your forehead  ,
2017-03-17 04:01:50 , 842586751516389377 , DaddyAntichrist ,  me in school vs me out of school  ,
2017-03-17 03:47:54 , 842583242117074947 , DaddyAntichrist ,  Twitter really takes me there. Every. Single. Day. üíÄ  ,
2017-03-17 03:44:03 , 842582276324048896 , DaddyAntichrist ,  I don't read books I pop xanax ,
2017-03-17 02:13:01 , 842559365588561920 , DaddyAntichrist ,  I sent my boyfriend that penny date idea and this is what he sent back. üò≠  ,
2017-03-17 00:11:49 , 842528865192878080 , DaddyAntichrist ,  when u at the party and then the jamaicans show up  ,
2017-03-17 00:05:34 , 842527294119792640 , DaddyAntichrist ,  LMAOOOOOOOOOO!!!!!!!!!!!!!!!!   ,
2017-03-17 00:04:03 , 842526911695745025 , DaddyAntichrist ,  This is the worst üòÇüíØ  ,
2017-03-17 00:03:34 , 842526787359784960 , DaddyAntichrist ,  Already forgot your name... ,
2017-03-17 00:02:43 , 842526576042360832 , DaddyAntichrist ,  i wish i was born like a leaf or something ,
2017-03-23 17:12:02 , 844959937046433792 , firstnamedaniel ,  which ones the dealer phone bro ,
2017-03-23 15:44:38 , 844937943433261057 , firstnamedaniel ,  Bit out of order showing a funeral of a terrorist after what happened yesterday don't you think @SkyNews? ,
2017-03-23 10:17:52 , 844855710970068992 , firstnamedaniel ,  And has there been a terror attack in Scotland since?  ,
2017-03-23 10:04:24 , 844852320701591555 , firstnamedaniel ,  Dropped his coke at germanyvengland üòÇüòÇüòÇüòÇ üôà  ,
2017-03-22 15:09:45 , 844566774775472129 , firstnamedaniel ,  Ring ring pussy its shutdown. ,
2017-03-21 23:59:27 , 844337692842381313 , firstnamedaniel ,  So sad Osama Bin Laden died. Some will never forgive his past but without him there would be no airport security. The‚Ä¶ ,
2017-03-21 23:53:47 , 844336265772367872 , firstnamedaniel ,  Martin McGuiness did not offer any apology for murders he was directly involved with as a senior IRA commander. This shou‚Ä¶ ,
2017-03-21 21:43:50 , 844303561563525121 , firstnamedaniel ,  WIN | Two tickets to our next FIFA World Cup qualifier against üá≥üá¥!!Follow ;  to enter! Ends 22 March at 5pm! üéüüíö GAW‚Ä¶ ,
2017-03-21 12:30:01 , 844164192324214784 , firstnamedaniel ,  Don't often cheer a death but good riddance to scum Martin McGuiness! My dads mates died on that coach! Murdering scum!! nos‚Ä¶ ,
2017-03-21 11:57:37 , 844156037217357824 , firstnamedaniel ,  Is it just me .... or does Nicola Sturgeon's mother look like she's going to belt out Candle in the wind? üòÇüòÇüòÇüòÇüòÇüòÇüòÇüòÇüòÇüòÇüòÇüòÇ ht‚Ä¶ ,
2017-03-21 07:17:47 , 844085613372608512 , firstnamedaniel ,  The only tragic thing about McGuiness dying is the many victims who now will NEVER get answers. A disgusting human with a dis‚Ä¶ ,
2017-03-15 21:53:07 , 842131570492346368 , firstnamedaniel ,  Vincent Kompany  in that bit at the end of an Ocean's Eleven film when they show how the switch was made  ,
2017-03-15 00:31:51 , 841809132697096196 , firstnamedaniel ,  When you can't help but get carried away.  ,
2017-03-14 14:25:16 , 841656480558391298 , firstnamedaniel ,  Hi Eddie  pls DM us so we can take further details. Thanks  ,
2017-03-13 21:06:48 , 841395140631642112 , firstnamedaniel ,  Starvin m8  this stayin hungry craic is shite. Fuck it  I'm gettin a chinkies  ,
2017-03-13 21:06:10 , 841394980983865345 , firstnamedaniel ,  Hi can I report a missing person? It's Shane McGugian. Last seen @ o2 Arena waving a towel a‚Ä¶ ,
2017-03-13 12:55:56 , 841271611676348416 , firstnamedaniel ,  Fuck me they only beat millwall  ,
2017-03-11 17:22:05 , 840613813355462657 , firstnamedaniel ,  God help them...Six months unbeaten followed by a season with 427 goals conceded?  ,
2017-03-11 08:37:14 , 840481731849404418 , firstnamedaniel ,  Saturdays here at last üôåüèªüôåüèªüçªüçª  ,
2017-03-09 13:07:16 , 839824910285406209 , firstnamedaniel ,  The most amazing moment in Nou Camp Champions League history FCB UCL  ,
2017-03-09 09:37:47 , 839772191365468160 , firstnamedaniel ,   for your chance to win a pair of tix to my fight on Friday! Courtesy of Bogart Menswear who have me looking slick f‚Ä¶ ,
2017-03-08 22:04:28 , 839597715268960256 , firstnamedaniel ,  If Barca pull this off I'll shag my dog ,
2017-03-07 22:33:25 , 839242612057976832 , firstnamedaniel ,  Fulham.  ,
2017-03-06 22:18:44 , 838876527928442881 , firstnamedaniel ,   Breaking news Return of the MAC  may 13th  working on an opponent more news to follow  @boxnati‚Ä¶ ,
2017-03-06 10:19:31 , 838695529605365764 , firstnamedaniel ,  Mad that Everton fans sold out the O2 but still can't sell out goodison ,
2017-03-05 19:20:16 , 838469226960670720 , firstnamedaniel ,  2 straight reds imo  ,
2017-03-05 13:39:51 , 838383559006113794 , firstnamedaniel ,  Scousers so starved off any success they're celebrating Tony Bellew beating a fighter with one leg. Embarrassing ,
2017-03-04 17:12:11 , 838074608079241221 , firstnamedaniel ,  Did KFC run out of gravy?  ,
2017-03-03 22:34:54 , 837793431137169410 , firstnamedaniel ,  I can confirm that the boxing board has requested that wear a sports bra tomorrow night to cover his moobs. ,
2017-03-03 14:41:26 , 837674280984915968 , firstnamedaniel ,  What is the biggest mismatch? ,
2017-03-02 22:33:28 , 837430685598109696 , firstnamedaniel ,  David Haye has injured his ankle. The fight is off!!!!! Katie Taylor will now headline. Still PPV. ,
2017-03-02 16:36:05 , 837340746692898816 , firstnamedaniel ,  Lol @ whoever is on night shift at the RVI on Good Friday ,
2017-03-02 09:23:18 , 837231831393128448 , firstnamedaniel ,  COMPETITION !Two tickets for he show Friday 10th March. Starring some TeamSuitor boxers!  and like to‚Ä¶ ,
2017-03-01 22:33:51 , 837068394943893504 , firstnamedaniel ,  dont think youd see carragher or Neville swerving their kids for brasses tho to be honest danny pal  ,
2017-03-01 15:14:03 , 836957713137557506 , firstnamedaniel ,  The 2 key elements to how HayeBellew will end..  ,
2017-03-01 12:37:36 , 836918342443282432 , firstnamedaniel ,  Scousers going nuts over a Sun article. Thought they didn't read it or believe a word of whats in it? ü§î ,
2017-03-01 12:23:13 , 836914724067557378 , firstnamedaniel ,  Are  big spenders  Newcastle buying the Championship? Compare top club net spends and make your own mind up. nufc  ,
2017-03-01 12:04:41 , 836910056142667777 , firstnamedaniel ,  avoided Seville question again. Shame your wife couldn't avoid the 1-2 combo you put on her jaw! ,
2017-03-01 12:03:56 , 836909867935891457 , firstnamedaniel ,  think he might have won this one ,
2017-02-28 22:07:06 , 836699271982432258 , firstnamedaniel ,  Rewatching Ritchie's ball to Atsu for Ayoze's goal like... NUFC  ,
2017-02-28 21:32:43 , 836690618978029578 , firstnamedaniel ,  Jammiest goal in football nufc bhafc  ,
2017-02-28 10:05:15 , 836517615728214017 , firstnamedaniel ,  Classic comeback from David Haye! üòÇ  ,
2017-02-25 23:19:55 , 835630432960020480 , firstnamedaniel ,  You don't want to mess with these guys! I lost the plot when he started screaming  I'm a tank ! üòÇ  ,
2017-02-23 08:29:37 , 834681605847412736 , firstnamedaniel ,  If they do find water on those seven new planets I give it a week before Wayne Lineker opens an Ocean Beach there to f‚Ä¶ ,
2017-02-21 14:24:57 , 834046252937519104 , firstnamedaniel ,  WIN | Want your child (7-11) to be a mascot for the FIFA World Cup qualifier on 26 March!? To enter Follow ; !! Comp‚Ä¶ ,
2017-02-20 09:49:27 , 833614535030366208 , firstnamedaniel ,  19 February 1910. Manchester United played their first game at Old Trafford. Here's a colourised picture of the ground fr‚Ä¶ ,
2017-02-19 10:18:09 , 833259369760509952 , firstnamedaniel ,  GOOOOOOAAAAALLLLL!!!! 1-0 to the Lions!!!!!  ,
2017-02-19 10:17:08 , 833259114629386244 , firstnamedaniel ,  teamHayeüòÇ  ,
2017-02-18 21:58:24 , 833073205879402500 , firstnamedaniel ,  Whoever beat Watson should be locked in a room with Benn ; Eubank.Benn can smash ; Chris can give him a talking to whi‚Ä¶ ,
2017-02-17 23:54:28 , 832740027859873792 , firstnamedaniel ,  He's never been to Iran. It says  I Ran  - it's a stamp about him in the maternity ward when his son was born  ,
2017-02-17 16:28:30 , 832627796228706306 , firstnamedaniel ,  It's almost as if NUFC fans who watched Sissoko week in  week out for 4yrs were right about him being diabolical. Who'd h‚Ä¶ ,
2017-02-16 12:14:56 , 832201597102993410 , firstnamedaniel ,  Roy Keane is absolute gold.  Are you shocked by tonight's result  Roy?   Not really  this is their level.  .....‚Ä¶ ,
2017-02-15 08:25:33 , 831781479936094208 , firstnamedaniel ,  WIN WIN WIN pair of tickets to see courtesy of Breakfast. Simply R/T to be in d‚Ä¶ ,
2017-02-14 16:49:02 , 831545799423188994 , firstnamedaniel ,  Roses are Red It's all over Twitter Ulrika said NO So hit her !!!!  ,
2017-02-12 19:04:21 , 830855077204209664 , firstnamedaniel ,  Gilroy like me at Ollie's there. Arrives late but still notices up three beauties! haha standard gooselife banter ‚Ä¶ ,
2017-03-23 20:43:48 , 845013229692583936 , _based_alex_ ,   Wyd after smoking this?   ,
2017-03-23 18:32:03 , 844980076152184832 , _based_alex_ ,  You know what? Imma say it....U deserve somebody to love you unconditionally even if it's not me bc all I want is to jus‚Ä¶ ,
2017-03-23 16:19:26 , 844946702050111488 , _based_alex_ ,  Holy sh*t. AlienCovenant  ,
2017-03-23 15:30:09 , 844934298104807425 , _based_alex_ ,  Gonna put this up there and let it sink in...  ,
2017-03-23 14:46:55 , 844923418411642885 , _based_alex_ ,  These remakes are getting dark. BeautyAndTheBeast  ,
2017-03-23 14:25:51 , 844918115490119680 , _based_alex_ ,  Let's be real here  we all know that all these Marvel Netflix Original Series are filler  as we await season 1 of 'The Pun‚Ä¶ ,
2017-03-23 14:12:09 , 844914670523731968 , _based_alex_ ,  I just need someone to tell me what I want  I'm so confused about everything ,
2017-03-23 08:35:24 , 844829921327235072 , _based_alex_ ,  Sad in the sheets depressed in the streets ,
2017-03-23 07:41:49 , 844816439110385665 , _based_alex_ ,  Atheist Prayers  ,
2017-03-23 05:19:31 , 844780628235042817 , _based_alex_ ,  Goodnight to everyone except people who won't answer your calls because they  were busy  ,
2017-03-23 03:38:45 , 844755267623411712 , _based_alex_ ,  I love my women how I like my coffee.Without a penis. ,
2017-03-23 03:33:07 , 844753851777368064 , _based_alex_ ,  THEYFOUNDITAGAIN  ,
2017-03-23 01:24:49 , 844721564876615680 , _based_alex_ ,  when you tryna sleep but memories of people who hurt you invade your mind  ,
2017-03-23 01:00:35 , 844715464248836096 , _based_alex_ ,  my friends vent to me and i reply with a thesis and essay but let me start venting i'll be lucky if i even get a reply ,
2017-03-22 23:20:10 , 844690195429539840 , _based_alex_ ,  public account vs private account  ,
2017-03-22 23:03:05 , 844685895219392512 , _based_alex_ ,  TSA agent (checking my ID):  Hawk  like that skateboarder Tony Hawk! Me: exactlyHer:  Cool  I wonder what he's up to these‚Ä¶ ,
2017-03-22 22:31:03 , 844677833293152256 , _based_alex_ ,  Spring break wyaü§òüèΩüåûüëÄ ,
2017-03-22 22:30:51 , 844677784530124800 , _based_alex_ ,  catch feelings? i'd rather catch a cold ,
2017-03-22 21:04:56 , 844656161630576640 , _based_alex_ ,  Over 25 years of the House Intelligence Committee‚Äôs slow degeneration from overseer to cheerleader of surveillance has bro‚Ä¶ ,
2017-03-22 20:47:41 , 844651820798554112 , _based_alex_ ,  If you don't hold the door open when there's someone behind you you're trash ,
2017-03-22 18:35:34 , 844618573540577280 , _based_alex_ ,  where's my baby boo @ üôÅ ,
2017-03-22 18:22:54 , 844615384913264640 , _based_alex_ ,  The Netflix original spin on Death Note better not be garbage. ,
2017-03-22 17:25:19 , 844600893899096064 , _based_alex_ ,  Just an FYI:  Try not to confuse accurate data with Politics. Politics is one's reaction to data  not the data itself. ,
2017-03-22 16:02:36 , 844580075441995776 , _based_alex_ ,  The hangers on are peeling off. ,
2017-03-22 15:40:33 , 844574527673663488 , _based_alex_ ,  Real niüÖ±Ô∏èüÖ±Ô∏èas shitpost one moment and talk politics/philosophy the next ,
2017-03-22 15:37:30 , 844573761697329152 , _based_alex_ ,  Today's the only day you can retweet this  ,
2017-03-22 15:31:25 , 844572228297510912 , _based_alex_ ,  Happy birthday  William Shatner! üôè  ,
2017-03-22 15:09:22 , 844566679694684161 , _based_alex_ ,  When u spot a thicc atheist chick at the science museum  ,
2017-03-22 13:51:42 , 844547136356151296 , _based_alex_ ,  Good morning to everyone except those who don't like pi√±a coladas and getting caught in the rain ,
2017-03-22 08:47:41 , 844470627197227008 , _based_alex_ ,  Why have I been crying lookin at this for 7 complete minutes? üò≠üò≠üò≠  ,
2017-03-22 08:11:22 , 844461484998643714 , _based_alex_ ,  Who up ,
2017-03-22 06:30:59 , 844436223733239809 , _based_alex_ ,  boys are fucking dumb rt if u agree ,
2017-03-22 06:30:48 , 844436178224984064 , _based_alex_ ,  My cousin dumb as hell  ,
2017-03-22 06:14:37 , 844432107388780545 , _based_alex_ ,  Bruh u gay as hell if u never walked on water  turned water into wine or resurrected three days later after crucifixion üòÇ‚Ä¶ ,
2017-03-22 06:14:34 , 844432093878931456 , _based_alex_ ,  dudes out here drowning under water üòÇüòÇüòÇ u must be gay if u can't breathe under water fam üòÇüòÇüòÇ us real straight men got gil‚Ä¶ ,
2017-03-22 06:14:30 , 844432075197485057 , _based_alex_ ,  Bruh u gay af if u never invaded the middle east for oil and perpetuated one of the biggest inside jobs in American histo‚Ä¶ ,
2017-03-22 06:14:27 , 844432063369531392 , _based_alex_ ,  Your homie gay af if he moans when you guys kiss üòÇüòÇüòÇüòÇüòÇüòÇ. Like bro just kiss me without adding all that extra gay shit we‚Ä¶ ,
2017-03-22 06:14:24 , 844432052195864576 , _based_alex_ ,  Dudes be gay af thinking we cuddling after sex lmao fym?‚úã Better call an Uber go home ; hop on that Xbox live so we can p‚Ä¶ ,
2017-03-22 06:14:18 , 844432024152756224 , _based_alex_ ,  Bruh u gay af if u in another room with a dude üò≥how u breathing the same air of another man üò¥üíÄüòÇ boii u better suffocate ;‚Ä¶ ,
2017-03-22 06:01:16 , 844428746237136898 , _based_alex_ ,  Who wore it better?  ,
2017-03-22 05:17:05 , 844417626914934787 , _based_alex_ ,  Blanket on: Too hot.Blanket off: Too cold.1 leg out: Perfect! Until the demon from Paranormal Activity grabs it and d‚Ä¶ ,
2017-03-22 05:13:47 , 844416794685308934 , _based_alex_ ,  I'm actually the worst person ,
2017-03-22 04:28:44 , 844405459972952066 , _based_alex_ ,  Open this tweet for a secret message!!„Ö§„Ö§„Ö§„Ö§„Ö§„Ö§„Ö§I want to kill myself„Ö§„Ö§„Ö§„Ö§„Ö§„Ö§„Ö§„Ö§„Ö§üòè ,
2017-03-22 02:57:15 , 844382435705958405 , _based_alex_ ,  sometimes you just need to go for a ride to clear your head üòî  ,
2017-03-22 02:36:14 , 844377149150679040 , _based_alex_ ,  This man is what happens when memes become real.  ,
2017-03-22 02:35:47 , 844377036202270721 , _based_alex_ ,  I just want that kind of connection with someone ,
2017-03-22 01:58:46 , 844367718383964160 , _based_alex_ ,  robots is such a good movie ,
2017-03-21 20:54:34 , 844291163720867842 , _based_alex_ ,  i'm a POSITIVE person!P - please help meO - come hereS - kill meI - murder meT - pleaseI - right nowV - thankE - y‚Ä¶ ,
2017-03-21 17:11:39 , 844235067966730240 , _based_alex_ ,  not to sound gay but i'm homosexual for equal rights ,
2017-03-21 17:00:46 , 844232326934478849 , _based_alex_ ,  I'll block anyone that pulls this. Put respect on my birthday plz  ,
2017-03-21 15:16:09 , 844205997430210561 , _based_alex_ ,  posting a sc story for 1 specific person to see is the modern day equivalent of gatsby hosting elaborate parties in ho‚Ä¶ ,
2017-03-21 13:52:09 , 844184860310753281 , _based_alex_ ,  Damn twitter almost as dead as my love  life right now ,
2017-03-21 04:43:27 , 844046773366673408 , _based_alex_ ,  I'm stuck in a retarded haze. ,
2017-03-21 03:14:14 , 844024321630597120 , _based_alex_ ,  Me: Come again?Esqueleto: I hate all the orphans in the WHOLE WORLD!  ,
2017-03-21 00:42:52 , 843986231914508288 , _based_alex_ ,  The KKK scene in Django when they couldn't see through the bags &gt;&gt;üòÇüòÇ ,
2017-03-21 00:20:32 , 843980611756806144 , _based_alex_ ,  You want to know how to stop the next whistleblower? Stop breaking the damn law. ,
2017-03-20 22:21:19 , 843950610223259648 , _based_alex_ ,  You know what... I'm about to say itI don't care that Drake dropped an album  ,
2017-03-20 21:15:28 , 843934034933686272 , _based_alex_ ,  My man did a special move on him  ,
2017-03-20 21:07:13 , 843931958384111617 , _based_alex_ ,  Catch no feelings  feel no pain. ,
2017-03-20 20:51:32 , 843928012957470720 , _based_alex_ ,  I.C.D - International Chest Day ,
2017-03-20 20:21:18 , 843920405060452352 , _based_alex_ ,  IM LIKE TTaahH~(‚Äæ‚ñø‚Äæ)~hHhhhJUST LIKE TTaahH~(‚Äæ‚ñø‚Äæ)~HhHhh ,
2017-03-20 20:20:44 , 843920263762731008 , _based_alex_ ,  I knew my girl was cheating on me when she said she was with her boyfriend at the movies when her boyfriend was naked in‚Ä¶ ,
2017-03-20 20:18:42 , 843919751139151872 , _based_alex_ ,  Haunting stories about me as a chicken mcnugget werewolf ,
2017-03-20 20:14:42 , 843918743134593024 , _based_alex_ ,  ravioli ravioli my face is uglioli ,
2017-03-20 17:08:33 , 843871898647769089 , _based_alex_ ,  Twitter (2013) vs Twitter (2017)  ,
2017-03-20 16:07:17 , 843856478012243968 , _based_alex_ ,  Today is InternationalDayOfHappiness. So  if you're not  here's something to help.  ,
2017-03-20 15:04:48 , 843840753692364801 , _based_alex_ ,  Haha no idea if this is true but that is impressive - Longest article in Russian Wikipedia? –°–ø–∞—Å–∏–±–æ!  ,
2017-03-21 17:36:43 , 844241375541387264 , 404joynotfound ,  posting a sc story for 1 specific person to see is the modern day equivalent of gatsby hosting elaborate parties in hopes t‚Ä¶ ,
2017-03-18 16:50:18 , 843142529457438720 , 404joynotfound ,  All meds do is work for a few weeks then stop and I'm left trying to figure out how the fuck I feel ,
2017-03-12 19:31:25 , 841008747904286720 , 404joynotfound ,  I'd say I hope you find purpose in your life  but I dont give two shits.Peace.  ,
2017-03-12 19:31:04 , 841008662441209856 , 404joynotfound ,  I used to think I regret knowing you  but knowing you I learned the weakest of people are the most dangerous.  ,
2017-03-12 19:30:23 , 841008489338040320 , 404joynotfound ,  You poor  poor thing. You are sad. Sad and pathetic.  ,
2017-03-07 23:23:48 , 839255288884547584 , 404joynotfound ,  404 god not found ,
2017-03-06 00:36:47 , 838548882640396288 , 404joynotfound ,  when you're too depressed to do anything but you're also too anxious to not do anything and you feel stuck and can't escape! ,
2017-03-02 04:46:32 , 837162183536472064 , 404joynotfound ,  let whoever think whatever  just keep getting better ,
2017-02-25 19:29:50 , 835572532929421312 , 404joynotfound ,  it hurts like hell when you know that you need to let go of someone but you can't  because you're still waiting for the i‚Ä¶ ,
2017-02-20 19:35:25 , 833761995992150016 , 404joynotfound ,  isn't it funny how you can go from talking to someone every single day to never talking to them again ever at all ,
2017-02-17 04:57:27 , 832453885767790593 , 404joynotfound ,  If you lose someone but find yourself  you won ,
2017-02-16 00:38:55 , 832026437167112192 , 404joynotfound ,   if you miss someone right now. ,
2017-02-16 00:23:04 , 832022447528439809 , 404joynotfound ,  depression is when your mind and heart stop loving each other but still eat at the same dinner table every night ,
2017-02-11 17:52:14 , 830474540966776832 , 404joynotfound ,   When it's over  leave. Don't continue watering a dead flower.  ,
2017-02-10 07:17:00 , 829952290723295233 , 404joynotfound ,  It's sad I'll have to try to kill my self to get help ,
2017-03-23 12:14:48 , 844885136575512576 , br0kengirll ,  I can't put my sadness into words. ,
2017-03-23 12:14:26 , 844885045471006721 , br0kengirll ,  Even in my dreams I can't escape how unloveable I feel. ,
2017-03-23 09:31:01 , 844843918751555588 , br0kengirll ,  A lot of people have trust issues because people say  I'm here for you  and then run away when things start to fall ap‚Ä¶ ,
2017-03-23 09:27:54 , 844843134777372676 , br0kengirll ,  Literally no one understands ,
2017-03-23 09:26:59 , 844842906045243393 , br0kengirll ,   Sorry I failed  was busy being suicidal  ,
2017-03-23 09:22:21 , 844841737679884296 , br0kengirll ,  she cried. she wanted to die.  i'm fine.  she lied. ,
2017-03-23 09:21:07 , 844841429914443777 , br0kengirll ,  I'll never be good enough ,
2017-03-21 18:03:45 , 844248175863062530 , br0kengirll ,  I don't know if I can do it anymore  I'm just done with my life. ,
2017-03-21 18:03:36 , 844248140836474880 , br0kengirll ,  im alone in this world i feel alone  i am alone i know i am alone ,
2017-03-21 18:03:35 , 844248133517410310 , br0kengirll ,  I can't handle feeling like this anymore  I need to put an end to it ,
2017-03-21 17:59:22 , 844247075818815488 , br0kengirll ,  I want to kill myself ,
2017-03-21 17:59:01 , 844246986152992772 , br0kengirll ,  It only takes the pull of a trigger   A step off of a bridge  or as many pills are in the bottles end it all ,
2017-03-19 19:39:05 , 843547394306428928 , br0kengirll ,  I wish i died years ago ,
2017-03-19 19:29:23 , 843544952198041600 , br0kengirll ,  Kill me before I kill myself ,
2017-03-17 20:11:04 , 842830664944812033 , br0kengirll ,  I don't even know why I keep breathing  I have no reason to ,
2017-03-16 09:43:19 , 842310298451222528 , br0kengirll ,  I'm losing this battle and I can't save myself ,
2017-03-16 09:42:26 , 842310075641393152 , br0kengirll ,   the pain demands to be felt  ,
2017-03-16 08:43:49 , 842295324160991232 , br0kengirll ,  Suicidal thoughts are extra strong this morning. ,
2017-03-14 20:02:38 , 841741381483798530 , br0kengirll ,  I'm so fucking tired of people damaging me. All they do is fucking lie  use and leave ,
2017-03-12 23:18:17 , 841065841567358977 , br0kengirll ,  My heart is in pieces already and the pieces continue breaking ,
2017-03-12 23:18:11 , 841065817689190400 , br0kengirll ,  I'm not okay and it's not alright ,
2017-03-12 20:37:44 , 841025438482853889 , br0kengirll ,  I keep having thoughts about killing myself and it's just getting harder to fight it ,
2017-03-06 18:31:09 , 838819256838066180 , br0kengirll ,  I can't do this anymore I really really don't want to be alive ,
2017-03-06 18:31:08 , 838819251322568704 , br0kengirll ,  what doesn't kill you makes you wish you were dead ,
2017-03-06 18:20:35 , 838816596428746753 , br0kengirll ,  nothing fucks you up more than your own thoughts. ,
2017-03-05 14:59:02 , 838403484340916224 , br0kengirll ,  I'm so desperate to hurt myself right now ,
2017-03-05 14:58:54 , 838403450815799301 , br0kengirll ,  I wish I was fucking dead I'm so fucking ugly and I hate being here. ,
2017-03-04 08:35:36 , 837944603424743424 , br0kengirll ,  Before I save someone else I've got to save myself  ,
2017-03-04 08:32:54 , 837943925943984128 , br0kengirll ,  A heart that's broke is a heart that's been loved  ,
2017-02-24 18:32:57 , 835195830818701313 , br0kengirll ,  I wish killing yourself was as easy as it's made out to be ,
2017-02-24 15:45:44 , 835153747147911168 , br0kengirll ,  do you ever just sit there and realize that you mean nothing to anyone and  you start feeling lost  alone  and unloved‚Ä¶ ,
2017-02-23 13:02:48 , 834750355183378432 , br0kengirll ,  All I'm hoping for is that I won't wake up tomorrow.. ,
2017-02-23 11:59:24 , 834734402475155456 , br0kengirll ,  i feel like everything i do is wrong. ,
2017-02-23 11:59:14 , 834734359030722561 , br0kengirll ,  i felt alone yesterday  i feel alone today and i will feel alone tomorrow ,
2017-02-23 11:59:08 , 834734333504151552 , br0kengirll ,  Dear Depression: please kill me now ,
2017-02-23 11:57:05 , 834733820100349953 , br0kengirll ,  You ruined me and I'm still the one apologizing. ,
2017-02-23 11:34:42 , 834728183471669248 , br0kengirll ,  Do you realise how hard it is to smile when all you can think about is killing yourself? ,
2017-02-20 18:54:40 , 833751744215658496 , br0kengirll ,  I am disgusting ,
2017-02-20 18:54:36 , 833751724389171202 , br0kengirll ,  I'm home alone and all I can think about is overdosing and killing myself ,
2017-02-17 10:26:37 , 832536722768531457 , br0kengirll ,  you know you‚Äôre fucked when those late night thoughts start hitting you in the middle of the day. ,
2017-02-16 21:22:48 , 832339471769206784 , br0kengirll ,  Very private people have mastered the art of telling you little about themselves but doing it in such a way you think you know‚Ä¶ ,
2017-02-16 10:16:59 , 832171910570065920 , br0kengirll ,  Honestly don't know what stops me from killing myself  I have no desire to be alive. I'm hurting everyone around me. ,
2017-02-15 20:17:10 , 831960567107686401 , br0kengirll ,  how painful is it to say  i'm fine  to the person who made you feel so broken. ,
2017-02-15 07:34:44 , 831768693981995008 , br0kengirll ,  sometimes home isn't four walls  it's just two eyes and a heartbeat. ,
2017-02-13 19:13:37 , 831219795467071490 , br0kengirll ,  I can't stop thinking about killing myself ,
2017-02-13 19:13:29 , 831219763632304129 , br0kengirll ,  I hate myself more than you can imagine. ,
2017-02-13 19:13:13 , 831219696947097609 , br0kengirll ,  this life has nothing more to offer me. hung on to the false hope that there must be something worth waiting for. but this is‚Ä¶ ,
2017-02-09 21:29:22 , 829804409781682177 , br0kengirll ,  I physically can't cope anymore. ,
2017-02-09 21:25:37 , 829803465413111809 , br0kengirll ,  I feel like I'm tumbling endlessly into more sadness. ,
2017-02-08 19:21:42 , 829409890137407488 , br0kengirll ,  I want things to be so much better but I'm just done trying. ,
2017-02-08 18:52:07 , 829402448179691521 , br0kengirll ,  the pain im feeling in my heart right now is unbearable ,
2017-03-23 20:18:15 , 845006799648509956 , ahoy_its_bailey ,  remember when Louis said sometimes people get engaged for years and this was Harry‚Äôs reaction to his comment. ,
2017-03-23 19:25:44 , 844993585879699460 , ahoy_its_bailey ,  Congress is putting our internet browser data up 4 sale. I'm not ashamed of my browser history. ProfitBeforePrivacy  ,
2017-03-22 20:59:47 , 844654864588296192 , ahoy_its_bailey ,  Today (March 22) in 2012 - well  there's a first time for everything... (lmaooo)  ,
2017-03-22 11:09:47 , 844506388126744576 , ahoy_its_bailey ,   I'm 6 chapters into Six Of Crows and I already have the kaz brekker adoption forms filled out  ,
2017-03-22 11:08:56 , 844506172619141121 , ahoy_its_bailey ,  Wednesday  March 22Cosmo had an idea. THIS IS THE ONLY DAY U CAN  THIS  ,
2017-03-21 20:43:26 , 844288362035007488 , ahoy_its_bailey ,  BILLY THE BLUE POWER RANGER IS THE FIRST EVER AUTISTIC SUPERHERO IN FILM.  ,
2017-03-21 20:17:43 , 844281889359908864 , ahoy_its_bailey ,  Cross the line if you feel like a complete fuck up 24/7 to everyone ,
2017-03-21 20:17:31 , 844281841251241984 , ahoy_its_bailey ,  Cross the line if you feel like nobody cares about you. ,
2017-03-20 22:25:33 , 843951673483640837 , ahoy_its_bailey ,  he needs to know that even if he released an album of him just breathing it will save 2017  ,
2017-03-20 22:25:02 , 843951544424976390 , ahoy_its_bailey ,  Cross the line if you can't handle responsible and your life is pretty rough now ,
2017-03-20 21:58:21 , 843944826534088705 , ahoy_its_bailey ,  Cross the line if you're hoping your life is about to change for the better in the next few weeks/months. ,
2017-03-20 19:58:31 , 843914670918516738 , ahoy_its_bailey ,  I just saw a TINY bird pick up an entire soft pretzel and fly away with it. Honestly inspiring. ,
2017-03-19 17:29:07 , 843514687027400705 , ahoy_its_bailey ,  I'm high key excited for the Power Rangers movie. ,
2017-03-19 17:11:21 , 843510214167089152 , ahoy_its_bailey ,  Dear Mr. and Mrs. Trump  my health insurance is the only thing keeping me alive. Take your ableism and shove it. Sincerel‚Ä¶ ,
2017-03-19 15:29:22 , 843484550256869380 , ahoy_its_bailey ,  Supermarket Flowers ,
2017-03-19 15:24:06 , 843483223623680000 , ahoy_its_bailey ,  I enjoy this trend  ,
2017-03-19 12:06:19 , 843433449889370112 , ahoy_its_bailey ,  It's been four hundred and sixty one days since the hiatus. I want them back it's enough. ,
2017-03-19 12:05:56 , 843433353382629376 , ahoy_its_bailey ,  Body: time to sleepBrain: okay just reading one more conspiracy theory about Justin Bieber shapeshifting into a lizard ,
2017-03-18 21:48:39 , 843217612259627009 , ahoy_its_bailey ,  Cross the line if you just want to leave everything and everyone behind. ,
2017-03-18 19:22:40 , 843180874241851392 , ahoy_its_bailey ,  Today (March 18) in 2015 - One Direction perform their final concert as a five-piece--OTRA Hong Kong &lt;33  ,
2017-03-18 19:22:36 , 843180857510809602 , ahoy_its_bailey ,  Today (March 18) in 2012 - Liam Payne is the sweetest bean  ,
2017-03-18 18:22:13 , 843165660029042688 , ahoy_its_bailey ,  I love you everyday ,
2017-03-18 18:20:50 , 843165311146835972 , ahoy_its_bailey ,  barcelona - ed sheeran  ,
2017-03-18 13:59:03 , 843099432367378432 , ahoy_its_bailey ,  If she stans hey violet she JUST WANTS THEM TO RELEASE A FRIGGIN ALBUM ALREADY ,
2017-03-18 13:58:45 , 843099355695452161 , ahoy_its_bailey ,  If she stans hey Violet she's gay for Rena Lovelis ,
2017-03-18 13:26:27 , 843091229487325184 , ahoy_its_bailey ,  If she stans Harry Styles she's extremely anxious for him to release his solo music ,
2017-03-17 21:14:15 , 842846566465572864 , ahoy_its_bailey ,  We love the Irish. Happy st Patrick's day. Here's a picture of us just before we got in a fight with some lads that called‚Ä¶ ,
2017-03-15 23:01:07 , 842148684368367617 , ahoy_its_bailey ,  Internet friends meeting. ,
2017-03-15 23:01:01 , 842148658405605377 , ahoy_its_bailey ,  Ed Sheeran's new album. ,
2017-03-15 23:00:32 , 842148536074567680 , ahoy_its_bailey ,  Forehead kisses. ,
2017-03-15 20:52:02 , 842116198372397056 , ahoy_its_bailey ,  If she stans One Direction  she is wondering what they are doing right nowü§î ,
2017-03-15 11:41:33 , 841977667608035329 , ahoy_its_bailey ,  I feel like my earlier statement on Facebook ( was confusing to some  so just to clarify my posit‚Ä¶ ,
2017-03-14 21:36:33 , 841765014025457665 , ahoy_its_bailey ,  when ur being annoying and u know ur being annoying so u apologize for being annoying and now ur more annoying  ,
2017-03-14 21:09:32 , 841758216824459264 , ahoy_its_bailey ,  If She Stans Harry Styles she misses his cute smile and those dimples ,
2017-03-14 21:09:12 , 841758131667513346 , ahoy_its_bailey ,  if she stans she wants the new album right about now ,
2017-03-13 22:20:44 , 841413746627117058 , ahoy_its_bailey ,  The voices in my head are screaming at me tonight. I just want them to stop  I want everything to stop ,
2017-03-13 22:20:39 , 841413723428409345 , ahoy_its_bailey ,  My heart is in pieces already and the pieces continue breaking ,
2017-03-13 22:20:36 , 841413713156534272 , ahoy_its_bailey ,  Fuck it...where's my blade ,
2017-03-13 22:19:03 , 841413322247397376 , ahoy_its_bailey ,  I wish someone understood ,
2017-03-13 22:01:04 , 841408796270419973 , ahoy_its_bailey ,  this is me 99% of the day  ,
2017-03-12 23:08:26 , 841063363220254728 , ahoy_its_bailey ,  This is me  ,
2017-03-12 23:05:16 , 841062567502073856 , ahoy_its_bailey ,  Cross the line if you feel like you have 'DEPRESSED' written all over you but no one notices/cares. ,
2017-03-12 22:57:12 , 841060534686482432 , ahoy_its_bailey ,  best day of my life üíú  ,
2017-03-12 22:56:45 , 841060422790844417 , ahoy_its_bailey ,  Cross the line if you feel bad about being sad because you know your problems aren't as bad as others. ,
2017-03-12 22:54:35 , 841059876138803200 , ahoy_its_bailey ,  if she stans teen wolf  she's disappointed dylan o brien wasn't there to celebrate the 100th episode ,
2017-03-12 20:27:48 , 841022937486524416 , ahoy_its_bailey ,  If you ever experience even the slightest bit of self confidence  cherish that shit. Because for so many  it's impossib‚Ä¶ ,
2017-03-12 20:23:44 , 841021914596442112 , ahoy_its_bailey ,  Cross the line if you feel alone right now. ,
2017-03-12 19:05:36 , 841002251606986753 , ahoy_its_bailey ,   Girls are hard to satisfy? A flower?A note?A cute caption on a picture?A car ride?A surprise?Ice cream?Liter‚Ä¶ ,
2017-03-12 18:48:51 , 840998034217541633 , ahoy_its_bailey ,  Louis Tomlinson is a sunshine. He deserves all the love and happiness in this fucking world. Protect him at all cost. ,
2017-03-11 21:09:28 , 840671034844016641 , ahoy_its_bailey ,  I'm a Farley and Shade Barrow stan for life ,
2017-03-11 19:31:19 , 840646334889775104 , ahoy_its_bailey ,  how far i'll go - auli'i cravalho  ,
2017-03-11 19:07:08 , 840640250439434240 , ahoy_its_bailey ,  Today (March 11) in 2016 - Variety announces Harry's role in Dunkirk!!!!!!  ,
2017-03-10 23:07:17 , 840338297385803776 , ahoy_its_bailey ,  where dreams come true  ,
2017-03-10 23:05:38 , 840337882573340673 , ahoy_its_bailey ,  we have a connection  ,
2017-03-10 21:00:01 , 840306271182049280 , ahoy_its_bailey ,  when i see someone hurting i just wanna fix it for them and sometimes you can't fix someone and that's so hard for me to unde‚Ä¶ ,
2017-03-10 20:30:07 , 840298743241027584 , ahoy_its_bailey ,  The beast from Fantastic Beasts aren't real ,
2017-03-10 20:13:46 , 840294629857755137 , ahoy_its_bailey ,  my grandma just called me to ask if i saw a rude comment on one of my videos that said 'queen of my vagina' so cheers t‚Ä¶ ,
2017-03-10 12:23:49 , 840176363160109056 , ahoy_its_bailey ,  I met Ed Sheeran today and ; a gust of wind made my pic with him 10x more exciting  ,
2017-03-09 23:31:28 , 839981993580470272 , ahoy_its_bailey ,  I wrote this for NEDAwareness week  ,
2017-03-09 23:28:25 , 839981227344035841 , ahoy_its_bailey ,  InternationalWomensDay  ,
2017-03-09 23:28:20 , 839981207412711424 , ahoy_its_bailey ,  InternationalWomensDay  ,
2017-03-09 23:28:15 , 839981187296854016 , ahoy_its_bailey ,  InternationalWomensDay  ,
2017-03-09 23:28:11 , 839981170150543360 , ahoy_its_bailey ,  InternationalWomensDay  ,
2017-03-09 23:28:06 , 839981150189867008 , ahoy_its_bailey ,  InternationalWomensDay  ,
2017-03-09 23:23:11 , 839979909451776002 , ahoy_its_bailey ,  About me  ,
2017-03-09 23:05:21 , 839975421882032128 , ahoy_its_bailey ,  hair up don't care  ,
2017-03-09 12:29:07 , 839815310995820545 , ahoy_its_bailey ,  i love you so muchüåπ ,
2017-03-09 12:28:03 , 839815039351672832 , ahoy_its_bailey ,  thank u to all the strong  loving  intelligent and totally badass women in my life. i wouldnt be who i am without u. int‚Ä¶ ,
2017-03-09 12:27:42 , 839814952575774720 , ahoy_its_bailey ,  every day should be international women's day  yo ü¶Ñ ,
2017-03-08 23:22:37 , 839617380561080320 , ahoy_its_bailey ,  thank you for putting me on an incredible list like this ‚ú®‚ú®‚ú® i love you ,
2017-03-08 21:07:08 , 839583286284414980 , ahoy_its_bailey ,  women's day  you are all so strong   amazing  and beautiful. much love! ‚ù§üí™üèª ,
2017-03-08 21:04:38 , 839582654022447105 , ahoy_its_bailey ,  i ‚ù§Ô∏è women ,
2017-03-08 21:04:35 , 839582643075313676 , ahoy_its_bailey ,  women are so badass  i love you all ,
2017-03-08 21:04:05 , 839582516650602498 , ahoy_its_bailey ,  I'm going out on a limb here... pretty sure when  honoring women   were not gonna do so by joining Donald  Grab-'em-by-th‚Ä¶ ,
2017-03-07 22:46:18 , 839245853336473604 , ahoy_its_bailey ,   Tyler Joseph changed my life  *hits whip* ,
2017-03-07 22:42:59 , 839245020351844353 , ahoy_its_bailey ,   stay in your lane  bitch  ,
2017-03-07 22:42:55 , 839245000068239362 , ahoy_its_bailey ,   is that pete wentz  no that's a homeless man  same thing  ,
2017-03-07 22:41:50 , 839244728109518848 , ahoy_its_bailey ,   wanna come to our tent to watch High School Musical?  let me ask my mom first  ,
2017-03-07 22:41:28 , 839244637097377793 , ahoy_its_bailey ,   i love tyler and joseph  ,
2017-03-07 22:41:13 , 839244574434463744 , ahoy_its_bailey ,   what are you camping out for?  joe biden's birthday party  ,
2017-03-07 21:06:10 , 839220652343189504 , ahoy_its_bailey ,  Guess what? Tomorrow I'm dropping the official music video for JUSTHOLDON!!  ,
2017-03-07 20:53:42 , 839217517100945408 , ahoy_its_bailey ,  give louis the world ,
2017-03-07 20:17:26 , 839208387913134084 , ahoy_its_bailey ,  Comedy;Tragedy.  Solid representation of their father.  Well done kiddos.  üòè. dadlife  ,
2017-03-06 22:23:53 , 838877824958234624 , ahoy_its_bailey ,  imma have to call you back  ,
2017-03-05 22:04:36 , 838510582072487937 , ahoy_its_bailey ,  imagine boycotting beauty ; the beast because of a gay character while being totally cool with a teenage girl falling in l‚Ä¶ ,
2017-03-05 18:42:06 , 838459620490424324 , ahoy_its_bailey ,  if she stans louis tomlinson she knows that he is the best human she's ever known ,
2017-03-05 18:41:57 , 838459584423538688 , ahoy_its_bailey ,  if she Stans Louis she thinks its bullshit that he was arrested ,
2017-03-05 13:15:49 , 838377509712506880 , ahoy_its_bailey ,  Shocked was arrested. Vid clearly shows he pulls 2 girls off his gf ; a pap trips. Even asks staff for hel‚Ä¶ ,
2017-03-05 13:03:06 , 838374308619644929 , ahoy_its_bailey ,  louis deserves better... louis deserves so much fucking better ,
2017-03-05 13:02:17 , 838374104554164224 , ahoy_its_bailey ,  I searched 'shark tank' on youtube and this happened  ,
2017-03-04 21:36:19 , 838141078880587776 , ahoy_its_bailey ,  HOW THE FUCK DID HE GO TO JAIL. WHAT ON FUCKING EAH DID HE DO. ,
2017-03-04 21:36:17 , 838141067862097924 , ahoy_its_bailey ,  1) A pap aggressively pushed him to the ground.2) He was running around and yelling for help.3) He tried to protect a g‚Ä¶ ,
2017-03-04 21:09:43 , 838134385543114757 , ahoy_its_bailey ,  respect louis and eleanor ,
2017-03-04 14:26:39 , 838032949115244546 , ahoy_its_bailey ,  hey  we love you so  so much. you deserve the world. we're here for you WeSupportLouis ,
2017-03-04 14:08:37 , 838028411188756482 , ahoy_its_bailey ,  WeSupportLouis ,
2017-03-04 14:04:20 , 838027333403611136 , ahoy_its_bailey ,  y'all thought i was gonna leave? i'm here for louis through thick and thin and nothing in this world is gonna change th‚Ä¶ ,
2017-03-04 14:01:29 , 838026614126620675 , ahoy_its_bailey ,  Always WeSupportLouis ,
2017-03-04 13:49:50 , 838023685462196228 , ahoy_its_bailey ,  Louis William Tomlinson deserves all the love  respect  recognition and appreciation in the world ! Pass it on.WeSupp‚Ä¶ ,
2017-03-04 13:49:42 , 838023648137068544 , ahoy_its_bailey ,  Louis  I'm so sorry you have to go through this. If we could do more we would  but as it is  we can only support you WeSupport‚Ä¶ ,
2017-03-03 22:31:12 , 837792501327097859 , ahoy_its_bailey ,  An accurate representation of me rn divide  ,
2017-03-03 22:30:49 , 837792404530946051 , ahoy_its_bailey ,  Current mood (for the rest of my life) DIVIDE  ,
2017-03-03 21:57:23 , 837783992686477314 , ahoy_its_bailey ,  I can honestly say its a given he's a top guy but 's album really is fantastic. Full of emotion and heart f‚Ä¶ ,
2017-03-02 23:47:16 , 837449255279296512 , ahoy_its_bailey ,  Would I die for her to play Mare? Mayhaps.  ,
2017-03-02 23:33:06 , 837445691492401152 , ahoy_its_bailey ,  farley deserved a POV more than cameron did social club ,
2017-03-02 20:05:42 , 837393495992250370 , ahoy_its_bailey ,  if she stans Louis she just wants him to be free üòî‚ù§Ô∏è ,
2017-03-02 20:05:36 , 837393471359107072 , ahoy_its_bailey ,  If she stans anyone she's broke af ,
2017-03-01 23:57:29 , 837089441273491456 , ahoy_its_bailey ,  ifüëèyouüëèdon'tüëèlikeüëèoneüëèdirectionüëèjustüëèshutüëètheüëèfucküëèupüëèbecauseüëènobodyüëèisüëèforcingüëèyouüëètoüëèlistenüëètoüëèthemüëèüëèüëèüëè  ,
2017-03-01 20:23:31 , 837035594891022336 , ahoy_its_bailey ,  To be clear: They would not let him wrestle in the boys division and are now upset that he won the girls division they forced‚Ä¶ ,
2017-02-28 22:13:20 , 836700843214798858 , ahoy_its_bailey ,  The holy trinity of Emma's. Oscars  ,
2017-02-28 21:40:12 , 836692503839522818 , ahoy_its_bailey ,  Emma Stone and Andrew Garfield üò≠  ,
2017-02-28 21:39:58 , 836692443525496833 , ahoy_its_bailey ,  me waiting for emma stone and andrew garfield to come back together and marry each other  ,
2017-02-28 11:55:06 , 836545260079759361 , ahoy_its_bailey ,  im so sad  ,
2017-02-28 11:54:52 , 836545201397239808 , ahoy_its_bailey ,  SWEET PRECIOUS ANGEL PROTECT HIM  ,
2017-02-27 22:24:26 , 836341248860516353 , ahoy_its_bailey ,  Cross the line if you just want a hug. ,
2017-02-27 21:50:17 , 836332652806426625 , ahoy_its_bailey ,  if she stans 5sos she knows outerspace/carry on is the most emo song and it's too underrated ,
2017-02-27 17:41:46 , 836270110113423360 , ahoy_its_bailey ,  The school should  inconvenience  us more often ,
2017-02-27 13:12:58 , 836202465422884864 , ahoy_its_bailey ,  Nicole  kid  man  ,
2017-02-27 12:58:39 , 836198864789045250 , ahoy_its_bailey ,  Cross the line if you're still heartbroken. ,
2017-02-27 12:06:06 , 836185638504390657 , ahoy_its_bailey ,  WHAT IN FILTRATION  ,
2017-02-27 11:46:14 , 836180639435091969 , ahoy_its_bailey ,  Always ,
2017-02-27 11:43:17 , 836179895491444736 , ahoy_its_bailey ,  Update | The red carpet at the Oscars is playing Just Hold On because they know that Louis is the king. ,
2017-02-26 22:14:02 , 835976243065532418 , ahoy_its_bailey ,  Today (February 26) in 2013 - Harry gets nailed in the dick with a shoe (lmao) at TMH Glasgow  ,
2017-02-26 22:13:51 , 835976197746147328 , ahoy_its_bailey ,  thanks guys!  ,
2017-02-26 21:22:49 , 835963354174918656 , ahoy_its_bailey ,  louis deserves all the happiness and love in the world  he's such an amazing and kindhearted person ,
2017-02-26 21:22:03 , 835963160691621889 , ahoy_its_bailey ,  There nothing more in the world that I miss more than Harry's 2013 clothes.  ,
