, 828412237534679040 , _tchock , this music is like galaxie 500's  except that it makes me want to kill myself , 1
, 828615918846636032 , orangemudkip , More like he makes me want to shoot myself in the head. , 1
, 828439279315476480 , bedforddanes , @1975adam I wouldn't even go up there THEY ARE PSYCHO ID TRIP AND KILL MYSELF , 0
, 828535440554680324 , Peendar666 , @anything4views I'd kill myself , 1
, 828408600011739137 , austin_tbh , @austin_tbh okay on the real i have work soon and my garage door won't open and i just might kill myself ! , 1
, 833033438110347267 , Elevate_Mike , @BardockObama I'll kill myself , 3
, 828670300246077445 , virgofrom97 , @brvja summer makes me want to die more than winter i HATE being sweaty , 1
, 828676551814283264 , tessacrump , @cotystone21 trying not to accidentally kill myself today , 0
, 828705880858320900 , WengerzMen , @coybmarcel @poisonxbitch it's alright I'll kill myself , 3
, 828713922299576322 , h0ransqueeen , @criminalcal OMFG OKAY THE WAY HE WAS LOOKING AT HER I WANT TO DIE , 1
, 828067312221769728 , CapShotzz , @D3NIMCHICK3N the game I can stand the people make me wanna shoot myself , 1
, 828688509208780800 , CClayhill , @FreyaHinsley I'd want to die if anyone ever saw them , 1
, 828703038084878336 , clocxo , @georjapearson hate the look smell and when it touched me I just wanna kill myself , 0
, 828463042685976576 , kashimaka , @kanatachin wow i guess i have to kill myself now tell izumi i love him , 3
, 828423218734198784 , tacoburns15 , @KEEMSTAR thats it im killing myself , 3
, 828652256874606596 , TikkunTimebomb , @Lexialex it's cute when chicks act tough but I'm pretty sure you don't want to live in the sort of world you're advocating for , 0
, 828674014063316993 , self_made1993 , @lindaikeji see now u don increase @Omojuwa popularity by that single stunt  u better go console that dude before him commit suicide. , 0
, 827763435102420992 , Stephen_SHO_ , @Markkiswhite dude downtown is sweet but like campus is a bunch of 19 year old wanna be hillbillys I wanna shoot myself , 1
, 828171642731761664 , michfranc , @michfranc even if I really wanted to hang myself tho , 0
, 828646373809647616 , DiscombobPotato , @phoenixfirefan hmm i do know if she didnt want me to kill myself or didnt want me to contribute to a statistic , 3
, 828442431410601985 , TailsPrower07 , @SilverSonic I'm about to fucking kill myself. This is getting embarrassing	, 3
, 828542096978169857 , aukkuuu , @Strikerslash time to hang myself , 3
, 828449787473252352 , alexrievman , @SupaDaddario i wanna kill myself rn , 3
, 827950915801935872 , selenasfalahee , @watsonskaider omg stop before i hang myself . , 1
, 828362472302211073 , Lilypeacockx , @zoewelchx don't even! I just wanna shoot myself! I wish there was an off button in the brain so I didn't have to think about life for a bit , 3
, 828716476538449920 , ghostcommie , [looking at cute dogs] I want to die , 2
, 828685963660509185 , itsme_aakanksha ,  I am constantly torn between killing myself and killing everyone around me.   üòßüòïüò† , 3
, 829786363230707712 , DaddyAntichrist , Actually want to kill myself , 3
, 827725509526159360 , the_quietlife , All about a world where we can't seem to escape the minds we don't want to live in anymore... , 2
, 828619156979384321 , giveawayfeba , Before I let ah nigga kill me I'll kill myself!! , 1
, 827172310608121856 , smileyrowoon , BITCHJ WHAT THE FUCK I AM DEAD. EVERYBODY IS DEAD. I DON'T WANT TO LIVE ANYMORE. , 2
, 828693565320597506 , SushiRollPhan ,  Business acc: I exercise and live healthily! Wholesome acc: You're beautiful  love yourselves! Main acc: I hate myself and want to die! , 2
, 827421956840554498 , diteofficial , can someone send me an EPF invite on club penguin because I'm about to shoot myself , 1
, 828489893949108225 , GORB0T , does anyone want to kill myself. , 2
, 827969278016000000 , HH_PB ,  Don't wake me in the morning. I don't want to wake up anymore....*cry *cry	, 2
, 828209788353908739 , firstnamedaniel , Drink is the devil  literally feeling suicidal , 3
, 828517635369295874 , _based_alex_ , Excuse me while I go to Alaska and kill myself , 3
, 828428828632420352 , 404joynotfound , feeling suicidal & home alone on a Sunday night i need some booze, 3
, 829385002043527178 , br0kengirll , Feeling suicidal is constant now , 3
, 827590259689025538 , casesmash , Free coffee before work  wanna shoot myself a little less now , 1
, 828451163376906240 , scottsimpkinsJR , Gonna go hang myself now  being an Atlanta fan sucks , 1
, 828424957654859776 , brianindri43 , Gonna kill myself lol #PatsNation , 1
, 828459574873223169 , justinsjimin , goodnight i hope god lets me die in my sleep , 2
, 829414369729642509 , pickeringfool , gosh i hate myself so much i want to die , 2
, 828368769634488324 , ahoy_its_bailey , guess who's feeling suicidal?? me! the worthless piece of shit with an abusive parent who's never going to achieve anything! , 3
, 828088964082921472 , qmelfitness , Haven't snowboarded in a week and I'm ready to die , 1
, 827761504468471808 , susielime , Hi im lance and im feeling :) suicidal :) , 3
, 828655113149493248 , nileshogann , How do I owe my brother like ¬£75? End my life , 1
, 828698567472738304 , sourlilflavor , I also saw a bar called  buzz bar  and the logo had to pics of that bee movie bee (was it barry?) i wanted to die , 1
, 841681603218698241 , ultjiyonqs , I am so ready to die!!!!!! , 2
, 827799823944388608 , layshieee , i can't physically mentally emotionally handle this anymore. i just want it to be over , 2
, 828461290062442496 , Bellareno_21 , I don't even like running  im basically signing up to kill myself üòÇ , 1
, 828444016215748609 , Lyricalbots , I don't get salty over games. but I legit want to hurt myself or something right now because of this sack of shit , 1
, 841482058216046593 , camerondelrae , i don't wanna die alone right now but i admit i do sometimes , 2
, 842331091499335680 , DeceasedFlower ,  I don't want to die  but I don't want to live. I just want to disappear. , 1
, 841102514095300609 , danielmunoz , I don't want to live in this planet anymore. , 2
, 828444001355300864 , QualyeFinn , I don't want to live in this reality , 2
, 828715092183224320 , Andy_H_EFC , I don't want to live in this reality , 2
, 842375770085416960 , biancagrinovero , i don't want to wake up on my own anymore , 1
, 828712833663635458 , jasminisabeI , I forgot my laptop charger at home and i want to die , 1
, 828511421973483520 , Hoooooese_ , I hate when people tweet shit thats common sense or gay relationship shit just for retweets makes me wanna fucken kill myself , 1
, 828492388792410113 , lytheaaa , i have crippling depression and want to die , 2
, 828136637347475456 , fallinluvdotcom , i have never wanted to die more i hate being a love suffering will never end , 2
, 828641816752816129 , Nyckole_Khaos , I have so much to do.. I feel like I'm drowning in homework. But oddly I don't feel stressed. , 0
, 828719260205715456 , goblinbabe_ , I have to write a 3-4 page paper tonight  I just want to nap and maybe also die in my sleep so I don't have to do the paper or anything else , 1
, 828612139334131716 , zyxuIts , i just got home from school i'm going to bed i hope i die in my sleep , 2
, 828859875073605632 , puzzlejpg , i just want my 2017 to not become another year of me feeling suicidal 24 hours a day , 3
, 842362116069830656 , KxmiBot , I just want to die , 2
, 828680182399537152 , FXCKCHANCH , I just want to die from a homicide fuck life , 2
, 828421434762461189 , chinji , I like discussing suicide. I think it'd definitely be better to kill myself with someone to do it with me , 3
, 829048653427847168 , pastmyheart , i literally want to die over the smallest things JFGFKJ its so sad this is why i should never look forward to things , 2
, 828647515876683776 , tararvr , I literally would rather hang myself than go back to school but I can't tell if that's because I genuinely don't need it or bc I'm lazy , 1
, 828559963060592640 , elyce143 , I lost my headphones this weekend and im gonna shoot myself now , 1
, 842173707699257348 , 3rdWaveJesus , I really want to kill myself , 3
, 828642199118151680 , chrisispaper , I s2g if I dream about chalkzone one more time I'm going to kill myself , 1
, 828420815561461760 , dg_quarterback , I swear if Prime kills Bee I'm gonna literally kill myself @transformers , 1
, 828072803408736256 , Oneironott , I think i don't want to live any longer , 2
, 827611912389148672 , BigHairyMarty , I think I should book a trip to America... so that I can get a gun and shoot myself. , 2
, 828232462656483328 , ZammyIckler ,  I wake up everyday wanting to end it all I fall asleep knowing it won't end just yet. , 2
, 828715278112583681 , ILikeSarahNaomi , I wanna die fuck you all , 2
, 841797640895488001 , allthelouie , i wanna die my stomach hurts so bad	, 2
, 842362336715268097 , robouno_potato , i wanna kill myself	, 3
, 828465385800421376 , ghostkeepr , i wanna kill myself and thats not sarcasm , 3
, 828694115026092039 , truman_wajki ,  I wanna say that I have only 88 days to my matura exam  so I'm going to kill myself  bye , 3
, 842359586053058564 , srahelizbeth , i want to die lol , 1
, 840968353011318784 , ZonkyDoodle , i want to die someone kill me , 2
, 828677533495414784 , bloodharvst , I want to kill myself be nice , 3
, 828459217774313472 , xAlpz , i want to kill myself so badly right now. , 3
, 828646019411742720 , johnfharrnedy , I was on campus and I'm surprised at how many people have 8ams personally I would kill myself , 1
, 828711757208248320 , frecklesrh , i will hang myself if i end up liking someone and i think it's starting to happen , 3
, 828453475080081408 , drew_truong , i'd like to kill myself  but i'm afraid of commitment so i just take a lot of naps , 2
, 828435910102548481 , skywalkerisgay , if i dont feel the urge to kill myself at least 12 times a day  did the day really happen? stay woke  hoes! , 3
, 828683044978581505 , midIights , IF I DONT GET TO SEE GAGA LIVE I WILL ACTUALLY KILL MYSELF I SWEAR , 1
, 828668397810569217 , deejlueej , if i had pewdiepies fanbase i would hang myself. , 1
, 828325517585690625 , benshaw__ , If I see another advert for distance bracelets on twitter I think I'm gonna hang myself , 1
, 828383608175943681 , deIenalives , if the Falcons win the superbowl i'll hang myself on livestream , 1
, 827983198416142336 , alannayeuns , i'll actually hang myself if climon happens , 1
, 842285628280696832 , lestwr , im actually gonna shoot myself , 3
, 828514191338258432 , cockydahomomc , I'm at the point where killing myself won't even make the slightest difference. I may as well not even attempt it. I have no self to kill. , 3
, 828651569654607872 , jaespumpkin , im going to fucking kill myself BYE FELLAS , 3
, 842476948609732608 , frida394 , i'm going to kill myself , 3
, 828439680307716096 , jxrleigh , I'm going to kill myself omfg , 3
, 842512210559713282 , ArGedeon , I'm gonna kill myself , 3
, 828446351432130560 , nightglos , I'm gonna kill myself when the World Cup comes bc my family screams at the top of their lungs , 1
, 828169112920715265 , Phoenix7198 , IM IN SO MUCH BLOODY PAIN RIGHT NOW HOLY CRAP IM SICK AND IN PAIN I WANT IT TO BE OVER IT HURTS SO MUCH , 2
, 828472298856337408 , uhmitstricia , I'm just ready to die lmfao  üòÇüòÇ  , 1
, 828682876136910849 , NOTHINGSXWRONG , I'm literally addicted to espresso i wanna DIE , 1
, 828467711885840385 , skyjimn , i'm not upset i just want it to be over with.. please , 0
, 828376366378725376 , _ImElectraHeart , I'm ready to die while watching @ladygaga 's Super Bowl Halftime Show. #SuperBowl #LadyGaga , 1
, 833352693078978560 , noyahxlic , Im sad and I want to die , 2
, 828425321355546626 , queen_nicky01 , ima fuckn kill myself i though jungkook' graduation was today n I was so pumped @BTS_twt , 1
, 828437750663802880 , KingCurryGoat , I'ma kill myself. I was talking so much shit lol. , 1
, 799972077579206656 , Wasted94 , its fucked up how I've been feeling suicidal. , 3
, 828699063931564032 , PhilthyPhrank_ , Its Monday and I want to fucking kill myself , 3
, 828711288738107392 , Tormny_Pickeals , its unfollow friday. pls unfollow me. stop putting my dumbass opinions under scrutiny. i just want to die alone in a cabin now , 2
, 828592835968516097 , jeffrdmorgn , i've been in a plane ONCE for an hour and i wanted to die it's scares me so much , 1
, 828718284832985092 , Tightgxp , I'VE GAINED SO MUCH WEIGHT I JUST WANT TO DIE , 2
, 828272971642986499 , Mustabator , Kim Bok joo finished and now I don't want to live anymore. X_X , 1
, 827714801149177856 , maaanduh , Kinda want to shoot myself because I'm near the cheerleaders , 1
, 829359687221014529 , beginvinyI , last night I deactivated because i was feeling suicidal and didn't want to talk to anyone or even deal with it. sorry about worrying y'all , 3
, 828707197999804417 , jeffyjeffreyy , Literally starving and I never get a break at work I want to die , 1
, 828421716724547586 , oliviakirk , Lmao at the fact that I legitimately tried to kill myself last night üòÇüòÇüòî , 2
, 827679134989971456 , dgasdlm , Lmao I don't want to wake up ever again , 2
, 828691444391092226 , valeriemichel44 , lol I'll probably want to die for the rest of the week so if I appear sad I am , 2
, 828410328241274881 , cypherrkth , maybe i just want to kill myself , 3
, 828675715457486849 , eytathiii , Me ethics professor dead ass said read chapters 2-9 & then do 3 writing assignments  :-) I'm gunna kill myself , 1
, 828792898929975296 , ariasagirl , Me when I wake up after taking 10 sleeping pills trying to kill myself , 3
, 828699228176314369 , katyfaise ,  me: *casually forgets to take meds for a week and a half* me: wow i wonder why i want to fucking kill myself and claw my skin off , 3
, 828601482190712833 , alstr_ , Me: I love my life so much Friend: didn't you say you wanted to die a few days ago? , 1
, 828639901524574209 , Rey_Appleseed , My Algebra professor makes me wanna hang myself. , 1
, 828655609524473860 , hollabackchild , my logic board and battery are fucked do you ever want to die , 1
, 828638251946766336 , tippytous , my teacher didn't fucking sign me into anatomy i'll kill myself right now , 1
, 828676829909225472 , Doke_Connor , my tiny polish math teacher:  somebody has to figure it out or else i'm going to kill myself... just kidding i'm already on the other side  , 1
, 826855931493416960 , wakeupfine ,  News has me feeling suicidal. Not actually at risk but the ideation isn't awesome. Not sure what to do about this.  , 3
, 828408607658147841 , nug_Whisperer , nice just give me a reason to kill myself , 3
, 828686657259970561 , whatevrdoe , not to be dramatic or anything but I really want to die right now. , 2
, 828409248560332800 , JoebToups , Ok so if the Falcons win and i have to kill myself how should i do it? , 1
, 828558609034276865 , ANGEIHUB , Okay enough of this mental self harm it's time for me to subconsciously kill myself in a different dimension of delusion , 1
, 828444349079965697 , _MosesV2 , Omggggggggggggggggg I'm gonna kill myself , 3
, 828444157639266307 , CIickbate , Patriots win I'm killing myself , 1
, 828451506449846272 , GORB0T , Quick pick a candy or im gonna kill myself i havent been paying attention , 1
, 842514113590902784 , MaestriAgustin , ready to die , 2
, 828359123687321601 , tylerioseph , ready to live ready to die ready to fall rEADY TO FLY , 0
, 828688881465905152 , Mostafa_Rabi , Really i wanna die nowüíî , 2
, 828489536502132736 , sleep_close , Relaxed in an I'm ready to die. , 2
, 829202259082895360 , eveofday , rt if you have no friends and want to die , 2
, 828103420024385536 , apocryphon__ , she was supposed to get me high  why the fuck i wanna die now? , 2
, 828395891803332608 , Preapocalypse , Sketching out a rabbit burrow while listening to the Witch OST with headphones on is not the way I wanted to die but then a thing fell and , 1
, 828432979672387584 , clayjnsens , somebody on tumblr compared dylan minnette to hunter hollingsworth i want to fucking kill myself , 1
, 828097727397498881 , CleanCalf , Thank god I've been working so much I can now afford a fancy new gun to shoot myself with. , 3
, 828601212681469953 , TamagoCosplay , That little voice in my head that keep telling me to just end it all because then I would not annoy people anymore. , 3
, 828150470984163329 , knockoutsfiance , the air is too warm my trackball is greasy the bass is inaccessible and i'm ready to die HYYYUUUUUUUUUUUUU , 1
, 828615018639876096 , haileyyyy_0 , the day has just started and I already want it to be over , 0
, 828672921849692161 , kickmekayla , this school seriously makes me want to kill myself , 2
, 828719145608830976 , eulekatze , Tired of living a life where I feel like I have no great recognizable and/or appreciable traits. I hope it improves by the end of this year. , 0
, 828617075488862208 , sydneywilsonxox , Trying to sit through cramps on my first day I'm gonna kill myself this hurts so bad , 2
, 828425927931473920 , ayshathnaura , ugh i hate mornings! kinda wanna kill myself üò∂ , 1
, 828611608108789760 , GiiKardash , Wanna be snuggled up in bed right now BUT instead I'm at school contemplating killing myself ü§∑üèº‚ôÄÔ∏è , 3
, 828618672126074880 , AnMei14, wanting to shoot myself in the head has become such a regular occurrence that i feel like i should be worried , 3
, 828447424377151489 , FreeLifesMatter , We do have open doors dumbass! It just has to be entered legally you lawless pos. Leave if you don't want to live i‚Ä¶ , 0
, 828605918057226241 , AnthoWilliamz , What day should I end my life?  And hang myself? , 3
, 828677455225507840 , adorablemendes , what if what if i told you a story is a shawn and niall collab oh my god im so ready to die , 1
, 828444447809687555 , heterotae , WHAT THE FUCL IM GONNA KILL MYSELF , 3
, 828822062894563328 , truwce , y'all mind if i fucking kill myself , 3
, 828405394116579329 , Nwks_Goonie , Yeah im finna to kill myself , 3
, 828682372040290305 , eturnalgrey , yo im really gonna pop off on this bitch she's so fucking annoying I wanna kill myself , 1
, 828545647418544129 , SobrevegaGhen , You are a friend na I  don't  want to live without. , 0
, 828664111613440000 , baesssist , You just assume that  oh im not loved enough so ill just say i wanna die a lot so i can get messages , 2
{u''$date'': u''2017-02-08T01:02:13.000Z''} , 829133198479196161 , NouraAhmed5 , It‚Äôs not a case of wanting to die. It‚Äôs not that I wish I‚Äôd never been born. I literally just want to fade away and disappear.. , 2
{u''$date'': u''2017-02-08T01:02:15.000Z''} , 829133203889856513 , Preda_Slays , I want to die , 2
{u''$date'': u''2017-02-08T01:02:35.000Z''} , 829133288300109824 , lamvmvs , ur so cute u make me wanna die , 1
{u''$date'': u''2017-02-08T01:02:35.000Z''} , 829133289457860608 , RapturedPrince , It works at like 11pm for me....before that I''m better off with suicide. , 1
{u''$date'': u''2017-02-08T01:02:37.000Z''} , 829133296579837952 , FillerEMF , Me: I don''t ACTUALLY want to dieAlso me: , 0
{u''$date'': u''2017-02-08T01:02:38.000Z''} , 829133303303188481 , _nicolealexaa , I feel so sick i wanna die , 2
{u'$date': u'2017-02-08T00:43:39.000Z'} , 829128522992058369 , Doddaad , Feeling super super super suicidal , 3
{u''$date'': u''2017-02-08T01:02:46.000Z''} , 829133334483759105 , SilentxTrees , Kinda a bubbly ray of positivity kinda wanna curl into a ball and die , 2
{u''$date'': u''2017-02-08T01:03:03.000Z''} , 829133407733022721 , bnpro1751 , Political suicide , 0 
{u''$date'': u''2017-02-08T01:03:11.000Z''} , 829133441736269826 , schnars_emma , jamestown new york makes me want to die lmao , 1
{u''$date'': u''2017-02-08T01:03:12.000Z''} , 829133444810579968 , 911_calls , Attempt Suicide (specify means) at address: X EADS BRG at time: 2017-02-07 18:56:16 911 scanner , 0
{u''$date'': u''2017-02-08T01:03:19.000Z''} , 829133473478619136 , exgirld , ahh i really want to but i''m trying to grow my hair out all this year üòÖ ill probably end up cutting it tho , 0
{u''$date'': u''2017-02-08T01:03:23.000Z''} , 829133489496682496 , watchoutcrisss , i regret alot in my past only cause it hurt some people around me but i could give a fuck about myself *sparks blunt* , 0
{u''$date'': u''2017-02-08T01:03:23.000Z''} , 829133490914471936 , ZaidIkhmim , I''m scared to die but I want to die Lanadelrey , 0
{u''$date'': u''2017-02-08T01:03:32.000Z''} , 829133529460129792 , WHATISAPLANET , Why is suicide wrong? , 1
{u''$date'': u''2017-02-08T01:03:37.000Z''} , 829133547965386752 , roberthefall , End of thread. Hope y''all enjoyed it üò§ , 0
{u''$date'': u''2017-02-08T01:03:39.000Z''} , 829133558551810048 , Mostepicfailure , Reminder this piece of shit has faked suicide for attention , 0
{u''$date'': u''2017-02-08T01:03:40.000Z''} , 829133564348399616 , spinejackal , this chick at ihop has gorgeous pastel blue hair and i''m so jealous and depressed i wanna die :'') , 1
{u''$date'': u''2017-02-08T01:03:41.000Z''} , 829133565837316096 , hummelsbray , words fail. for forever. you will be found....all make me want to die so , 2
{u''$date'': u''2017-02-08T01:04:02.000Z''} , 829133654450397184 , bear2123135 , ‚ûïSuicide Girl‚ûï , 0
{u''$date'': u''2017-02-08T01:04:06.000Z''} , 829133671496089600 , fuccveronica , i thought all of my accs got suspended i was so close to suicide , 1
{u''$date'': u''2017-02-08T01:04:06.000Z''} , 829133672834019329 , elisam_920 , at this point i''m ready to end my life. this is a sign , 3
{u''$date'': u''2017-02-08T01:04:07.000Z''} , 829133676294189056 , DetroitNewdaily , Rookie Detroit police officer saves suicidal man''s life - WDIV Detroit , 0
{u''$date'': u''2017-02-08T01:04:11.000Z''} , 829133694543785986 , scaredolan , i''m ready to die , 2
{u''$date'': u''2017-02-08T01:04:26.000Z''} , 829133753448534016 , naturalhorror , not to be dramatic but i actually want to shoot myself , 1
{u''$date'': u''2017-02-08T01:04:28.000Z''} , 829133763154157568 , aidoruhakase , have you been at work since 9 tho because I''m exhausted and want to die , 1
{u''$date'': u''2017-02-08T01:04:41.000Z''} , 829133817336123392 , HamletEJ , Trying to force myself to cut that down and focus on clean transitions and cutting out double-talking. not listening through 100%. , 0
{u''$date'': u''2017-02-08T01:04:41.000Z''} , 829133818447724545 , PlatypiParty , Yay for lack of respect for personal boundries causing me to feel incredible suicidal because people make me feel like I''m not my own person , 3
{u''$date'': u''2017-02-08T01:04:42.000Z''} , 829133821471768577 , kvthia , OHBMY KASH BITCH I WANNA DIE , 1
{u''$date'': u''2017-02-08T01:04:42.000Z''} , 829133821333348352 , elliehicks123 , german girl free sex picture suicide girls naked porn , 0
{u''$date'': u''2017-02-08T01:04:48.000Z''} , 829133846343868416 , CykaBlyat779 , I''m drowning in this sea of despair and depravity‚Ä¶ , 2
{u''$date'': u''2017-02-08T01:04:53.000Z''} , 829133868833742848 , NaylaPfox , I wanna die , 2
{u''$date'': u''2017-02-08T01:04:54.000Z''} , 829133874236121088 , garrant_ryan , this makes me want to hurt myself. and I have autism. ironically , 3
{u''$date'': u''2017-02-08T01:04:58.000Z''} , 829133890107367424 , PrevalentBordom , I have too much homework:I want/need to die , 1
{u''$date'': u''2017-02-08T01:05:00.000Z''} , 829133897590046720 , modalsouls , ppl who answer phone calls during break make me wanna die.. this dude''s straight up arguing with his mom like tf go outside , 1
{u''$date'': u''2017-02-08T01:05:01.000Z''} , 829133901784240128 , MeganDoyle966 , All I did was turn in an absence note n I wanna die , 1
{u''$date'': u''2017-02-08T01:05:08.000Z''} , 829133931081510912 , crossbiebers , please twitter was down for 5 minutes and I contemplated suicide , 1
{u''$date'': u''2017-02-08T01:05:12.000Z''} , 829133948697448448 , pagkahari , sounds like get ready to die , 0
{u''$date'': u''2017-02-08T01:05:15.000Z''} , 829133962052247553 , 13AmazingFacts , President Bannon you deserve to die alone! , 0
{u''$date'': u''2017-02-08T01:05:21.000Z''} , 829133985322250240 , slaughtermemoe , i''m like dropping hints that i want to die. i want to die. , 2
{u''$date'': u''2017-02-08T01:05:36.000Z''} , 829134049767747584 , CaitieRage , I liked a video  Flogging Molly - If I Ever Leave This World Alive (lyrics) , 0
{u''$date'': u''2017-02-08T01:05:38.000Z''} , 829134057422389252 , tiffani_marieee , So I just pulled a muscle and really hurt myself. I don‚Äôt know how I‚Äôm still alive sometimes. , 0
{u''$date'': u''2017-02-08T01:05:41.000Z''} , 829134068881068032 , amarjit3403541 , Really shocked for precious lives lost in a barbaric terrorist act. , 0
{u''$date'': u''2017-02-08T01:05:45.000Z''} , 829134088284012544 , compro_tax , 20 dead in suicide blast outside Afghan Supreme Court in Kabul -  via , 0
{u''$date'': u''2017-02-08T01:05:50.000Z''} , 829134109033238561 , siIkysoo , i rlly wanted twitter to fucking die. i''m disappointed , 0
{u''$date'': u''2017-02-08T01:05:57.000Z''} , 829134135331545088 , god_zillah , this just in. I want to die , 2
{u''$date'': u''2017-02-08T01:05:58.000Z''} , 829134139664252928 , pastelifu , my dog is having issues with his neck again i dont want him to die i was scared enough last time , 0
{u''$date'': u''2017-02-08T01:06:00.000Z''} , 829134148166090752 , notevenanibble , I have never wanted to die more , 2
{u''$date'': u''2017-02-08T01:06:00.000Z''} , 829134150812712961 , sukandlodic , suicide girls bj free sex offender lookup , 0
{u''$date'': u''2017-02-08T01:06:04.000Z''} , 829134167367618560 , geekparagon , I dont want to go to bed. To sleep will mean horrific nightmares. and to wake will continue my living in one. I just want it all to end. , 2
{u''$date'': u''2017-02-08T01:06:09.000Z''} , 829134186271404033 , bugbitefetish , please im literally so angry + stressed + depressed i want to Die , 2
{u''$date'': u''2017-02-08T01:06:09.000Z''} , 829134186971803652 , timkrieg_tim , 20 dead in suicide blast outside Afghan Supreme Court in Kabul , 0
{u''$date'': u''2017-02-08T01:06:15.000Z''} , 829134213190471681 , Suicidal_dogs , Tried commiting suicide today. Never doing that shit again almost killed myself , 1
{u''$date'': u''2017-02-08T01:06:25.000Z''} , 829134255095689216 , mikaelaslegs , I just want to die , 2
{u''$date'': u''2017-02-08T01:06:26.000Z''} , 829134256907616258 , 0w0_ebooks , Suicide is even a divorce if you''re , 0
{u''$date'': u''2017-02-08T01:06:28.000Z''} , 829134266797744128 , 50BillionBFs , (and by OTP I mean lunoct... I hurt myself) , 0
{u''$date'': u''2017-02-08T01:06:28.000Z''} , 829134269138210816 , CDG_x_Fudge , makes me wanna shoot myself knowing u a racist organization that benefit off of our culture , 1
{u''$date'': u''2017-02-08T01:06:29.000Z''} , 829134273173135361 , MoanBrooklyn , I just want to sleep forever. , 2
{u''$date'': u''2017-02-08T01:06:35.000Z''} , 829134296728338434 , jluna56 , Trump is full of threats and insults. Lets end his career. Longest 3 weeks of my life.  Uggggghh , 0
{u''$date'': u''2017-02-08T01:06:35.000Z''} , 829134298204643328 , Healthy_Mind , Love life live long It''s time to back legislation to prevent suicide , 0
{u''$date'': u''2017-02-08T01:06:37.000Z''} , 829134306446553089 , jacksoncodfish , End my fucking life holy SHIT , 1 
{u''$date'': u''2017-02-08T01:06:41.000Z''} , 829134322313539584 , uItsanwoo , Sigh I wanna die , 2
{u''$date'': u''2017-02-08T01:06:47.000Z''} , 829134346716119040 , HarlanIsQueer , Bisexual narcissistic suicidal pretentious artsy piece of shitüíï , 0
{u''$date'': u''2017-02-08T01:06:52.000Z''} , 829134367272423424 , alexandragher , I''m suicidal I love soulmates , 2
{u''$date'': u''2017-02-08T01:06:53.000Z''} , 829134372636913664 , dickslwt , today was horrible n i want to die , 2
{u''$date'': u''2017-02-08T01:06:54.000Z''} , 829134376415948801 , NUT4SAWYER , who wants to end my life for me , 2
{u''$date'': u''2017-02-08T01:06:55.000Z''} , 829134379725185028 , kureahs , I GOT TWO COWLICKS IN MY BANGS I WANNA DIE , 1
{u''$date'': u''2017-02-08T01:06:56.000Z''} , 829134384720523264 , agmsolis_ , Pls do not send me pictures of lemurs if you want me to die of laughter. Pls ; thnx. , 0
{u''$date'': u''2017-02-08T01:06:58.000Z''} , 829134394283536386 , INSPIRESARABBlT , i sluttdroped so shard i hurt myself , 0
{u''$date'': u''2017-02-08T01:07:00.000Z''} , 829134399950168064 , IvoneBarajas , Ready to suicide , 3
{u''$date'': u''2017-02-08T01:07:01.000Z''} , 829134406887538688 , arnoldtimw , R1: A reminder of how fast change comes ; that my learning will never end! Life-long learning is an attitude that T‚Ä¶ , 0
{u''$date'': u''2017-02-08T01:07:03.000Z''} , 829134413413892096 , tuhinaronna , Bangladesh is committing suicide by shifting from secularism to Islamisation  via @dailyo_ , 0
{u''$date'': u''2017-02-08T01:07:03.000Z''} , 829134415234203649 , paopurra , I want to die lol , 1
{u''$date'': u''2017-02-08T01:07:06.000Z''} , 829134426823127040 , rd_christianity , Suicidal thoughts. failed my first year of university via /r/Christianity , 3
{u''$date'': u''2017-02-08T01:07:06.000Z''} , 829134428215590914 , _trippinbilliez , I said rice pussy instead of rice pudding to a customer today i want to die , 1
{u''$date'': u''2017-02-08T01:07:07.000Z''} , 829134429675216896 , TheMordagar , Suicide Silence Release ''Silence.'' Fan Backlash Intensifies , 0
{u''$date'': u''2017-02-08T01:07:09.000Z''} , 829134438252556288 , ninjabrians , every time someone reblog s a rly old post from me. especially ones I wish would be forgotten. I get more suicidal , 3
{u''$date'': u''2017-02-08T01:07:10.000Z''} , 829134442782457856 , liezyboy , I''m so nervous for this test I haven''t been to class in two weeks I wanna die why am I so goddamn avoidant :-) , 1
{u''$date'': u''2017-02-08T01:07:11.000Z''} , 829134446196563968 , hobgguk , EVEN IF I SAY ITLL BE ALRIGHT STILL I HEAR YOU SAY YOU WANT TO END YOUR LIFE NOW AND AGAIN WE TRY TO JUST STAY ALIV‚Ä¶ , 0
{u''$date'': u''2017-02-08T01:07:12.000Z''} , 829134449610735617 , aviluck2 , Group Drinks ‚ÄòPoison‚Äô In Mass Suicide Attempt On Beijing Subway , 0
{u''$date'': u''2017-02-08T01:07:15.000Z''} , 829134462164271104 , K4TBURN , WANNA SEE NIRVANA BUT DON''T WANNA DIE YET , 0
{u''$date'': u''2017-02-08T01:07:17.000Z''} , 829134472465506304 , crzykordei , Brb it was do u dirty I was just listening to personal I want to die , 1
{u''$date'': u''2017-02-08T01:07:20.000Z''} , 829134484574502914 , Abstergo__ , To people who say Please end my life or someone kill me now:  Gladly. , 1
{u''$date'': u''2017-02-08T01:07:21.000Z''} , 829134489418858496 , Ahsietra__ , I want to make myself positively known.....Not because of who I talked toNot because of who I hang withNot because of a fight or argument , 0
{u''$date'': u''2017-02-08T01:07:29.000Z''} , 829134520926531585 , HarlanIsQueer , Bisexual narcissistic suicidal ugly pretentious artsy piece of shitüíï , 0
{u''$date'': u''2017-02-08T01:07:35.000Z''} , 829134547614838784 , Wilkins_10 , i ain''t searching for new love i had that and it hasn''t done anything but hurt me to this day.i''m trying to find happiness in myself , 0
{u''$date'': u''2017-02-08T01:07:39.000Z''} , 829134566510231553 , superbuster2001 , ‚ûïSuicide Girl‚ûï , 0
{u''$date'': u''2017-02-08T01:07:42.000Z''} , 829134578354761728 , StoicLoyalty , || ; I''m still asleep can u tell I want to die , 2
{u''$date'': u''2017-02-08T01:07:52.000Z''} , 829134619710672896 , 50BillionBFs , but I mean I''m already drowning , 0
{u''$date'': u''2017-02-08T01:07:59.000Z''} , 829134647447662598 , marimanic216 , You''ve got me surrounded.It feels like I''m drowning and I don''t want to come up for air. , 0
{u''$date'': u''2017-02-08T01:07:59.000Z''} , 829134647670034433 , VeeranGill , Don''t even wanna rt this cause I know my girl kitty will try it and die , 0
{u''$date'': u''2017-02-08T01:08:02.000Z''} , 829134660357623809 , NHKWORLD_News , Suicide blast near Afghan court kills 19 citizens nhk_world_news , 0
{u''$date'': u''2017-02-08T01:08:06.000Z''} , 829134678183419904 , kaicbx , i wanna die HAHHA , 1
{u''$date'': u''2017-02-08T01:08:10.000Z''} , 829134693429870594 , honeybeecharlie , it''s rupi kaur. but: let it go. let it leave. let it happen. nothing in this world was promised. or belonged to you anyways , 0
{u''$date'': u''2017-02-08T01:08:11.000Z''} , 829134700945952769 , _snowpiercer_ , Yo I wanna die , 2
{u''$date'': u''2017-02-08T01:08:31.000Z''} , 829134781787078656 , grunkle_fox , i dont think ive ever wanted to die more than right now , 2
{u''$date'': u''2017-02-08T01:08:33.000Z''} , 829134790599249921 , RoyalQueen_xO , i want to die , 2
{u''$date'': u''2017-02-08T01:08:33.000Z''} , 829134793031966720 , Jacksep96181086 , ‚úñSuicide Angel‚úñ , 0
{u''$date'': u''2017-02-08T01:08:39.000Z''} , 829134816490565632 , marlboromilk , so fuckn sore i legitimately want to die , 2
{u''$date'': u''2017-02-08T01:08:39.000Z''} , 829134816947822593 , dyrne , I wanna die. but I''m too afraid to do it.You''re not going to die.I WANT to. Damn. why is Izzie me , 2
{u''$date'': u''2017-02-08T00:45:02.000Z''} , 829128871182270466 , TheSun , ''At 17 I was spotted by a model scout. Eight months later I was suicidal and battling anorexia''‚Ä¶ , 1
{u''$date'': u''2017-02-08T00:45:02.000Z''} , 829128875129069573 , wildznigga , Literally do anything I can to better myself. except cut my hair lmao cus I should never have to cut my hair for anything wtf , 0
{u''$date'': u''2017-02-08T00:45:03.000Z''} , 829128878283173888 , cam_lee12 , suicide doors , 0
{u''$date'': u''2017-02-08T00:45:03.000Z''} , 829128877884719104 , dlittlet , COMMIT ALL THE SUICIDE THEY WANT DROPDEADDEMS 99.9% OF DEMS R EVIL AND  TRAITORS; FOUNDERS AND DEAD POTUS R ROLLIN , 0
{u''$date'': u''2017-02-08T00:45:08.000Z''} , 829128899837693952 , michaelsnow69 , you still don''t get why Democrats lost if you keep this up it''s suicide , 0
{u''$date'': u''2017-02-08T00:45:15.000Z''} , 829128925813030916 , xiuchcn , THT DOESNT CHANGE THE FACT I STILL WANT TO DIE , 2
{u''$date'': u''2017-02-08T00:45:20.000Z''} , 829128947954769920 , NGR_DailyGist , Weird!!! Winners Pastor Commits Suicide Inside Church , 0
{u''$date'': u''2017-02-08T00:45:23.000Z''} , 829128962160869376 , lifeisshort37 , Looking for answers in a child''s suicide , 0
{u''$date'': u''2017-02-08T00:45:23.000Z''} , 829128962345431040 , rebeccamthomas1 , Better to fight for something than live for nothing.- General Patton quote , 0
{u''$date'': u''2017-02-08T00:45:24.000Z''} , 829128963754635264 , TylerrB_9 , Tired of living day to day like everything''s alright. just waiting on that moment. , 0
{u''$date'': u''2017-02-08T00:45:25.000Z''} , 829128969488363520 , kimoalien , It''s so hot out. I want to die , 1
{u''$date'': u''2017-02-08T00:45:26.000Z''} , 829128973309337607 , ihaveprettyhurr , you deserve to die. , 0
{u''$date'': u''2017-02-08T00:45:27.000Z''} , 829128978850050048 , MadiLeeFanAcc , thought this was gonna b a suicide joke ü§îü§î , 0
{u''$date'': u''2017-02-08T00:45:30.000Z''} , 829128992082890752 , _klaww , no I had costa vida and I want to die , 1
{u''$date'': u''2017-02-08T00:45:35.000Z''} , 829129012047933444 , IovegIow , i wanna die i just wanted to look at marks nose but its all pre debut pics n now am tearing up n my vision is bkurry n i cant Tyoe im si str , 1
{u''$date'': u''2017-02-08T00:45:36.000Z''} , 829129017018163200 , Westmoreland69 , If this is supposed to be a joke it''s not funny at all. It''s sick and offensive to those with depression or lost so‚Ä¶ , 0
{u''$date'': u''2017-02-08T00:45:37.000Z''} , 829129018813345792 , JoeDeVitoComedy , RELATIONSHIP UPDATE: I''ve gone from I don''t want to be tied down to How can I trick someone into marrying me? , 0
{u''$date'': u''2017-02-08T00:45:40.000Z''} , 829129032100876289 , infrasighting , death//...i really want a pet snake but i also dont wanna die from my anxiety so im just , 0
{u''$date'': u''2017-02-08T00:45:43.000Z''} , 829129043677114368 , RockHarlem , üòÇüòÇ Nigga that doesn''t mean I want you to die , 0
{u''$date'': u''2017-02-08T00:45:46.000Z''} , 829129058546024450 , pidgeholts , i. am -7 diopters?? that. makes me wanna die lol , 1
{u''$date'': u''2017-02-08T00:45:48.000Z''} , 829129065894395905 , jocelynperez_ , I just want to disappear , 2
{u''$date'': u''2017-02-08T00:45:49.000Z''} , 829129070793388032 , The_Weeknd_Pt2 , Same but a horse! , 0
{u''$date'': u''2017-02-08T00:45:50.000Z''} , 829129074622726144 , Breaux95Trey , So this guy I follow on fb committed suicide and just reading about it has made me want to break down. You never know someone''s struggle. üíî , 0
{u''$date'': u''2017-02-08T00:45:56.000Z''} , 829129098563719168 , TheVickyVox , I''m so sick of body shaming! I''m about to do a nude shoot! I''ve never loved my body. I love myself. I''ve been raised to be ashamed. FUCK IT , 0
{u''$date'': u''2017-02-08T00:45:59.000Z''} , 829129112119820288 , uannothayan , CANCEL SCHOOL PLEASE!  I don''t want to die just because have to learn physics! , 0
{u''$date'': u''2017-02-08T00:45:59.000Z''} , 829129112556077060 , _keShahnyce , Boy probably on suicide watch thinking I''m out on some bs whole time I''m laying down with my bonnet on üò≠ , 0
{u''$date'': u''2017-02-08T00:46:10.000Z''} , 829129157405720576 , castanedasandr3 , im so hurt wowwhat is life brb gonna kill myself thnx bye , 3
{u''$date'': u''2017-02-08T00:46:13.000Z''} , 829129172681445376 , Marqueez30 , I wanna die , 2
{u''$date'': u''2017-02-08T00:46:17.000Z''} , 829129189324419072 , DarisHechevarri , Suicide Hotline Squad ProfessionGangNames , 0
{u''$date'': u''2017-02-08T00:46:20.000Z''} , 829129200196055040 , KhristineJacob3 , geez. I am going to end up feeling sorry for him after it''s all over , 0
{u''$date'': u''2017-02-08T00:46:23.000Z''} , 829129213051494400 , bape__23 , bro ssh till I die I want to be from ssh so bad , 0
{u''$date'': u''2017-02-08T00:46:32.000Z''} , 829129248816431104 , harleivy , anyway. dceu dudebros can make a suicide pact for all i care üòç , 0
{u''$date'': u''2017-02-08T00:46:35.000Z''} , 829129261629964290 , MascheranoStats , can''t I''m gonna cut myself now. might just commit from anger , 3
{u''$date'': u''2017-02-08T00:46:35.000Z''} , 829129263886499841 , Iamdessirie , psp virtual sex naked suicide girls fucking , 0
{u''$date'': u''2017-02-08T00:46:35.000Z''} , 829129263878197248 , imanrockstarr , I hang with too much cause I find myself sounding like him üò≠?? , 0
{u''$date'': u''2017-02-08T00:46:37.000Z''} , 829129272459685888 , maetylerrr , my new phone is beautiful and i want to die , 1
{u''$date'': u''2017-02-08T00:46:39.000Z''} , 829129280860913665 , cheriesnpeaches , If I miss school or VASE I''m going to have to hang myself cause I''ve been working so hard on my little magazine cover , 1
{u''$date'': u''2017-02-08T00:46:41.000Z''} , 829129288599339008 , _whiteboy_23_ , everything bad that has ever happened to me is my fault. i hurt myself everytime. , 0
{u''$date'': u''2017-02-08T00:46:42.000Z''} , 829129292827222017 , sharons47 , It is a tight walk between min wage and a livable wage. Everything including rents have gone up but not wages. How‚Ä¶ , 0
{u''$date'': u''2017-02-08T00:46:43.000Z''} , 829129298715963393 , neverlast1 , i want to die , 2
{u''$date'': u''2017-02-08T00:46:47.000Z''} , 829129311739338752 , TheLateSh0w , Life ain''t that simple bud , 0
{u''$date'': u''2017-02-08T00:46:52.000Z''} , 829129334673793026 , diegonens , Every Time I Die - I Didn''t Want To Join Your Stupid Cult Anyway via @YouTube , 0
{u''$date'': u''2017-02-08T00:46:58.000Z''} , 829129360313565186 , uItrasluts , school is making me suicidal , 3
{u''$date'': u''2017-02-08T00:46:59.000Z''} , 829129363606032384 , QkTipcom , Court attack: At least 20 dead in suicide blast , 0
{u''$date'': u''2017-02-08T00:46:59.000Z''} , 829129362578354176 , Alexantdra , Suicide pills üò©üò´üò≠ , 3
{u''$date'': u''2017-02-08T00:46:59.000Z''} , 829129365199917058 , captainsaggy , I''m committing suicide after watching this üòÇ , 1
{u''$date'': u''2017-02-08T00:47:02.000Z''} , 829129376793055236 , obruyere , Court attack: At least 20 dead in suicide blast - At least 20 people are dead after an explosion Tuesday outsid‚Ä¶ , 0
{u''$date'': u''2017-02-08T00:47:04.000Z''} , 829129386276302848 , hypezaddy , THIS MAKES ME WANNA END MY LIFE OH MY GOD , 3
{u''$date'': u''2017-02-08T00:47:06.000Z''} , 829129393683517444 , GxFxFx , suicide is on my fucking mindi wanna leave , 3
{u''$date'': u''2017-02-08T00:47:20.000Z''} , 829129451799793666 , cigarthoe , i truly think about comitying suicide. i cant do it anymore , 3
{u''$date'': u''2017-02-08T00:47:22.000Z''} , 829129459043332096 , BrianHays73 , Putin ; Trump could end it all.üò¢ Vladimir Putin orders Russian air force to prepare for ''time of war''  @yahooNewsUK , 0
{u''$date'': u''2017-02-08T00:47:28.000Z''} , 829129484133662721 , MOAN4MARiCRUZ , ay who wanna listen to reggaeton and die? , 1
{u''$date'': u''2017-02-08T00:47:29.000Z''} , 829129487992360965 , BooLearyIn , SoBizco: [Discussion] No motivation at all. It feels like i''m drowning. via /r/GetMotivated  ‚Ä¶ , 0
{u''$date'': u''2017-02-08T00:47:31.000Z''} , 829129497135968256 , johnsonoioi , i want to die , 2
{u''$date'': u''2017-02-08T00:47:32.000Z''} , 829129500977815553 , uhluviuh , update: still so lonely i wanna die , 2
{u''$date'': u''2017-02-08T00:47:32.000Z''} , 829129502194356224 , NikkiGirone , and now I''m all teary eyed cause big Sean was suicidal , 0
{u''$date'': u''2017-02-08T00:47:34.000Z''} , 829129509270061062 , haayther , okay but this means bonnie''s gonna die and i am NOT ready . , 0
{u''$date'': u''2017-02-08T00:47:35.000Z''} , 829129513498005505 , kaelagilligan , get into us not suicide , 0
{u''$date'': u''2017-02-08T00:47:40.000Z''} , 829129536533065732 , tribecalledquis , im ending it all and im not joking , 3
{u''$date'': u''2017-02-08T00:47:41.000Z''} , 829129538554564609 , ashIeyym , i want to die lol:P , 1
{u''$date'': u''2017-02-08T00:47:44.000Z''} , 829129553939484675 , Rapdragon05 , Orange bleach. Make your suicide taste great , 0
{u''$date'': u''2017-02-08T00:47:51.000Z''} , 829129580141277184 , juicetrell , I will die about my relationship and I want that to be known period , 0
{u''$date'': u''2017-02-08T00:47:52.000Z''} , 829129585103089665 , pIanetarygoth , end my life??? , 3
{u''$date'': u''2017-02-08T00:48:02.000Z''} , 829129628824502272 , GodOfTheLowKey , I don''t want to die young , 0 
{u''$date'': u''2017-02-08T00:48:06.000Z''} , 829129644783833088 , pyuntaec , ü§î so you wanna die , 0
{u''$date'': u''2017-02-08T00:48:10.000Z''} , 829129660361539585 , PMunozLorite , 20 dead in suicide blast outside Afghan Supreme Court in Kabul , 0 
{u''$date'': u''2017-02-08T00:48:13.000Z''} , 829129675582615552 , BapeBryce , finally realizing how bad life really is. shits depressing kinda wanna die , 2
{u''$date'': u''2017-02-08T00:48:26.000Z''} , 829129726790770688 , sekaitrbI , im back n ready to die but still , 2
{u''$date'': u''2017-02-08T00:48:26.000Z''} , 829129728673996800 , mariosviews , MARIO IS LIVE AND IM NOT HOME I SERIOUSLY WANT TO END MY LIFE , 1
{u''$date'': u''2017-02-08T00:48:26.000Z''} , 829129730116952070 , biteszHQNews , Court attack: At least 20 dead in suicide blast - At least 20 people are dead after an explosion Tuesday outsid‚Ä¶ , 0
{u''$date'': u''2017-02-08T00:48:28.000Z''} , 829129737163374592 , strictly_rose , i didn''t want it to end up this way... but if that''s how you want it to be ü§∑üèº‚Äç‚ôÄÔ∏è , 0
{u''$date'': u''2017-02-08T00:48:28.000Z''} , 829129738308423680 , vijimekko , i just wanna die , 2
{u''$date'': u''2017-02-08T00:48:30.000Z''} , 829129746311159808 , TheAlSuraFdtn , END STIGMA! stop sex-shaming ; making people feel less than ; dirty for being HIV+. It all starts AND stops wit‚Ä¶ , 0
{u''$date'': u''2017-02-08T00:48:35.000Z''} , 829129767035088896 , rianurphi , Twinkle twinkle little star. I wanna hit you with my car. Throw you off a cliff so high. hope you break your neck and die. , 0
{u'$date': u'2017-02-08T01:01:16.000Z'} , 829132956925059074 , UnkRam , I was just about to end it all fam , 2
{u''$date'': u''2017-02-08T00:48:36.000Z''} , 829129770470223872 , footfetti , i want to die lol:P , 1
{u''$date'': u''2017-02-08T00:48:41.000Z''} , 829129793576824832 , lastpharoh_ , A lot of y''all need to stop living like life doesn''t have an ending to it . go pursue your goal ü•Öüïä , 0
{u''$date'': u''2017-02-08T00:48:42.000Z''} , 829129797171347456 , TheWiteKnight , Still alive after Based Filthy Frank roasted you. Consider suicide lmao , 0
{u''$date'': u''2017-02-08T00:48:50.000Z''} , 829129830444695553 , miokumy , Will you end my pain? Will you take my life? Will you bleed me out? Will you hang me out to dry? , 0
{u''$date'': u''2017-02-08T00:48:51.000Z''} , 829129834693525504 , hwaranq , i wanna die like i''ve never wanted to die before , 2
{u''$date'': u''2017-02-08T00:48:53.000Z''} , 829129843560349696 , JosephKahn , Trapped in an airport for 3 hours so I learned some rudimentary Python programming. It was that or suicide. , 1
{u''$date'': u''2017-02-08T00:48:59.000Z''} , 829129866683490304 , BillCosbyVEVO , i''ve never wanted to die more , 2
{u''$date'': u''2017-02-08T00:49:04.000Z''} , 829129887667671040 , madspirits , lrt makes me want to die , 1
{u''$date'': u''2017-02-08T00:49:05.000Z''} , 829129893048963072 , live_love_gay_ , Ok.. but raise your hand if you want to die üôãüèΩüôãüèΩüôãüèΩ , 2
{u'$date': u'2017-02-08T00:43:21.000Z'} , 829128449520443394 , kunpimess , HES SO CUTE I WANT TO DIE , 1
{u''$date'': u''2017-02-08T00:49:09.000Z''} , 829129909062733828 , Shane_spew , HOLY FUCK I WANNA DIE , 2
{u''$date'': u''2017-02-08T00:49:11.000Z''} , 829129916243394560 , TylerIAm , suicide pact? , 2
{u'$date': u'2017-02-08T00:43:57.000Z'} , 829128600251031553 , BenjiZyy4l , Mood rn I just wanna dieüíØüò¥ , 2
{u'$date': u'2017-02-08T00:43:28.000Z'} , 829128479195197446 , ladsaImighty , lol just chilling with my friends depression and anxiety and suicidal thoughts tonight. wbu? , 3
{u'$date': u'2017-02-08T00:42:05.000Z'} , 829128132028411906 , tatumwhitten_ , i deadass wanna die rn , 2
{u''$date'': u''2017-02-08T00:49:18.000Z''} , 829129945330774018 , HealthyCops , Simple intervention proves effective in reducing suicide among active-duty soldiers , 0
{u'$date': u'2017-02-08T00:42:57.000Z'} , 829128348781703171 , s1eepyhe4d , i genuinely want to die , 2
{u''$date'': u''2017-02-08T00:49:18.000Z''} , 829129947847471109 , lrdeville , Firefighter''s death ruled suicide and caused deadly crash  via @ABC13Houston , 0
{u''$date'': u''2017-02-08T00:49:20.000Z''} , 829129953933418498 , lrdeville , Firefighter''s death ruled suicide and caused deadly crash  via @ABC13Houston , 0
{u''$date'': u''2017-02-08T00:49:23.000Z''} , 829129968357691393 , icameaspedro , wait I''m ready to die too. can I join you? , 2
{u''$date'': u''2017-02-08T00:49:26.000Z''} , 829129979912912896 , CrawfordKaleb , Accounting... Why u want me to die? , 1
{u''$date'': u''2017-02-08T00:49:30.000Z''} , 829129996346204160 , _Mahaqassem , Missing you comes in waves and tonight I''m drowning. , 0
{u''$date'': u''2017-02-08T00:49:34.000Z''} , 829130015199678465 , 9kScourge , I DIDNT JOIN SOAR IM GONNA CUT MYSELF AND BITCH ABOUT IT ON MY PRIVATE TWITTER WITH 15 FOLLOWERS , 1
{u'$date': u'2017-02-08T01:00:58.000Z'} , 829132881062551552 , angarza689 , I just wanna fucking die üôÉüôÉüôÉ , 2
{u''$date'': u''2017-02-08T00:49:35.000Z''} , 829130019565760512 , HOEQUEENT , this is so cute i want to die , 1
{u''$date'': u''2017-02-08T00:49:42.000Z''} , 829130046396784640 , DeepBlueSweater , suicide pact? , 2
{u''$date'': u''2017-02-08T00:49:44.000Z''} , 829130056115052546 , NinaSuavee , I want to die my hair this color its gorgeous üòç , 0
{u''$date'': u''2017-02-08T00:49:46.000Z''} , 829130064453316608 , its_Koolaid_ , I don''t want to go to FL to hot and I might die or be eaten üò©üò© , 0
{u''$date'': u''2017-02-08T00:49:48.000Z''} , 829130071294222342 , dirtyhoe420 , i dont want to do anything ever again. i just want to die in solitude , 2
{u''$date'': u''2017-02-08T00:49:48.000Z''} , 829130071390699520 , Burtmackfbi , I''m sick and cramping and I miss my boyfriend I''m ready to die , 2
{u''$date'': u''2017-02-08T00:49:50.000Z''} , 829130081532391424 , smileofdallas , i''m so sick i wanna die , 2
{u''$date'': u''2017-02-08T00:49:52.000Z''} , 829130090973913088 , C0L3666 , Bitch u thirsty plz grab a sprite My crips lurkin don''t die tonight I jus wanna dance witchu baby Jus dont move 2 fast or 2 crazyy , 0
{u''$date'': u''2017-02-08T00:49:53.000Z''} , 829130093763047424 , _sincerelyce , i think you wanna see me hurt myself , 0
{u'$date': u'2017-02-08T00:41:30.000Z'} , 829127981964496896 , Ordinary_det_4 , Drugs if you wanna die with painfully. , 0
{u'$date': u'2017-02-08T00:41:34.000Z'} , 829127999656038400 , tamasamapurin , omfg i wanna die im so tired idk why i had sucha a long time fallinf asleep but i feel like i barelt slept i kept waking up , 1
{u'$date': u'2017-02-08T00:41:38.000Z'} , 829128017570041856 , UpriseCSGO , i really want to winn!!!!!! I would die to have a knife , 0
{u'$date': u'2017-02-08T00:41:41.000Z'} , 829128028072574978 , fireballsdeep , murder-suicide. , 0
{u'$date': u'2017-02-08T00:41:44.000Z'} , 829128044531048450 , KPRC2 , JUST IN: Houston firefighter among 2 killed in crash ruled as suicide  KPRC2 , 0
{u'$date': u'2017-02-08T00:41:46.000Z'} , 829128049270603776 , jean_carleton , This debate has been going on for years.If we want it to end. Couillard has to act on his minimal promises. polqc , 0
{u'$date': u'2017-02-08T00:41:46.000Z'} , 829128051174805504 , AU_bebe , Man Exposed CA Corruption ; Feared 4 His LifeHis Death Ruled Suicide by Smoke Inhalation ; Multiple Stab Wounds , 0
{u'$date': u'2017-02-08T00:41:47.000Z'} , 829128054182178816 , jjsypor , people that want to kill us allowed to come in ? We have to do things to keep us safe and if we don't .Americans die , 0
{u'$date': u'2017-02-08T00:42:00.000Z'} , 829128110251589634 , mrr_mistyeyes , honestly post suicide attempt me is such an icon , 0
{u'$date': u'2017-02-08T00:42:06.000Z'} , 829128135673196544 , Cooperglciii , I want to die , 2
{u'$date': u'2017-02-08T00:42:08.000Z'} , 829128142853898240 , axelserrano25 , suicide girls bj picyures of sex , 0
{u'$date': u'2017-02-08T00:42:10.000Z'} , 829128153515884545 , Sir_Buddha , A loaf of bread is N300. We are in trouble. , 0
{u'$date': u'2017-02-08T00:42:13.000Z'} , 829128164446183424 , normaniIauren , worst week ever and i wanna die :) , 2
{u'$date': u'2017-02-08T00:42:14.000Z'} , 829128168300748800 , neromosu , I wanna die lmao , 1
{u'$date': u'2017-02-08T00:42:14.000Z'} , 829128169970085889 , lifeisshort37 , Woman charged after apparent suicide attempt led to officer's drowning  via @nbcnews , 0
{u'$date': u'2017-02-08T00:42:18.000Z'} , 829128186512416770 , SuperHosstyle , I liked a video from  Jit - Love Is Suicide - Official Video , 0
{u'$date': u'2017-02-08T00:42:19.000Z'} , 829128187909140480 , YOUAR3LO3VD , You are loved. 1-800-273-8255   jnj donateaphoto , 0
{u'$date': u'2017-02-08T00:42:26.000Z'} , 829128220645548032 , SHSLRei , Suicide squad// My only opinions of this movie is that DEADSHOT NEEDS TO BE RELEASED , 0
{u'$date': u'2017-02-08T00:42:31.000Z'} , 829128238886694912 , yikesbabe , Yesterday was good. today way alright. but now I wanna die again , 2
{u'$date': u'2017-02-08T00:42:35.000Z'} , 829128256389521409 , zomnics , MY SKIN IS CLEAR MY DEPRESSION IS CURED IM NOT SUICIDAL ANYMORE , 0
{u'$date': u'2017-02-08T00:42:55.000Z'} , 829128339285647360 , DulceAlien , And it¬¥s my problem if i have no friends and feel i want to die üñ§üíñ , 2
{u'$date': u'2017-02-08T00:42:57.000Z'} , 829128347540135936 , Dymuuun_ , Airron , 0
{u'$date': u'2017-02-08T00:42:58.000Z'} , 829128352879493120 , tsukinyaaga , almost screamed i couldnt STOP LAUGHING THE WHOLE 2 1/2 HOURS BC SHE DOES AND I HATE IT AND I WANT TO DIE N0OW , 1
{u'$date': u'2017-02-08T00:42:59.000Z'} , 829128357744766976 , irwinsviolet , i wanna die , 2
{u'$date': u'2017-02-08T00:43:01.000Z'} , 829128364300472321 , deIeyna , um that experience taught me that slitting horizontal doesn't give results but go awf üò∂üòë , 2
{u'$date': u'2017-02-08T00:43:01.000Z'} , 829128366825431040 , biancaxduarte , writing my personal statement for postgrad and i wanna shoot myself. , 1
{u'$date': u'2017-02-08T00:43:09.000Z'} , 829128397238444033 , miaviaD , Time after time I den told myself no matter what I ain't gone cry at all. I can take alot of pain it don't hurt at all üí™ , 0
{u'$date': u'2017-02-08T00:43:10.000Z'} , 829128402825273344 , JamieSmiff , Absolutely no point in Labour removing Corbyn for an anti-Brexit leader. It would be electoral suicide. , 0
{u'$date': u'2017-02-08T00:43:11.000Z'} , 829128407841701888 , Mr_Quincy05 , I don't think spuriousqualifications are end all for political spots. Besides fact yo‚Ä¶ , 0
{u'$date': u'2017-02-08T00:43:18.000Z'} , 829128438049017861 , TheNewsDotNG , Boko Haram: We got N200 to kill. says suicide¬†bomber , 0
{u'$date': u'2017-02-08T00:43:19.000Z'} , 829128440100032514 , oPiinhas , and if you die i wanna die with you , 0
{u'$date': u'2017-02-08T00:43:25.000Z'} , 829128466083766276 , Refgard , Tuesday unironically makes me want to die , 1
{u'$date': u'2017-02-08T00:43:27.000Z'} , 829128472970801157 , RosemarieKuptan , my friend committed suicide this morning , 0
{u'$date': u'2017-02-08T00:43:27.000Z'} , 829128473323114496 , ohhthatsadri , In my sleep , 0
{u'$date': u'2017-02-08T00:43:28.000Z'} , 829128477785804800 , treyisfat , I'm afraid doggie suicide is all too real , 0
{u'$date': u'2017-02-08T00:43:29.000Z'} , 829128484161253378 , introspext , i wanna die rn , 2
{u'$date': u'2017-02-08T00:43:32.000Z'} , 829128495112536064 , DearLizette , You are not commiting suicide if you are already dead inside. sad , 2
{u'$date': u'2017-02-08T00:43:33.000Z'} , 829128501546643456 , Bxbblecup , so i randomly received unexpected words that made me feel ready to die already , 2
{u'$date': u'2017-02-08T00:43:38.000Z'} , 829128521435930624 , OmarZaidMD , We are all trapped in a planet-wide SUICIDE CULT run by incompetent morons  -  HR , 0
{u'$date': u'2017-02-08T00:43:39.000Z'} , 829128523516370944 , OmarZaidMD , We are all trapped in a planet-wide SUICIDE CULT run by incompetent morons  -  HR , 0
{u'$date': u'2017-02-08T00:43:40.000Z'} , 829128530172731392 , warmtaehyung , i didn't mean to tweet this but now i'm thinking about his burgers and i wanna die  , 1
{u'$date': u'2017-02-08T00:43:40.000Z'} , 829128531200258048 , bukes_ , does jake carroll want me to die i'm so confused , 0
{u'$date': u'2017-02-08T00:43:43.000Z'} , 829128540830519296 , CassiMcMullen , I'm ready to die , 2
{u'$date': u'2017-02-08T00:43:49.000Z'} , 829128567543971842 , shaaannon_jadee , if jake boys and emily canham have actually broken up i have nothing to live for. nothing. , 2
{u'$date': u'2017-02-08T00:43:50.000Z'} , 829128569796308992 , dnqtron , this is a good angle  but i still want to die , 1
{u'$date': u'2017-02-08T00:43:59.000Z'} , 829128609348583426 , PlatYellow , Sometimes I feel like it would be best to just end it all , 2
{u'$date': u'2017-02-08T00:44:02.000Z'} , 829128619733688320 , gabyeehhx33 , refuse to cut myself , 0
{u'$date': u'2017-02-08T00:44:04.000Z'} , 829128628239790080 , EliseoCollazo , I liked a video from  I want to hang myself , 1
{u'$date': u'2017-02-08T00:44:07.000Z'} , 829128643704143873 , Jadelsia_ , Hacksaw Ridge. Oh my god. What an incredible film and an even more incredible man. I'll pretend I'm not drowning in my own tears. , 0
{u'$date': u'2017-02-08T00:44:09.000Z'} , 829128651392299008 , DickLewis13 , Judge Declares Facebook 'Tool For Evil' After Suicide - BBM Anyone? , 0
{u'$date': u'2017-02-08T00:44:15.000Z'} , 829128676025434112 , MCherrol , I just want to disappear , 1
{u'$date': u'2017-02-08T00:44:15.000Z'} , 829128677543788545 , selfishnature , this is a group project too i want to die , 1
{u'$date': u'2017-02-08T00:44:16.000Z'} , 829128678588170241 , M1LKM4N64 , you look like you have a few tricks up youre sleeve , 0
{u'$date': u'2017-02-08T00:44:18.000Z'} , 829128688579051521 , _JustTooMuch_ , . , 0
{u'$date': u'2017-02-08T00:44:19.000Z'} , 829128691795963904 , deIeyna , I SHOULD HAVE KILLED MYSELF ONE THING I REGRET IS NOT KILLING MYSELF BECAUSE U SHOULD BE LOCKED UP AND ROTTING üíÄ  , 0
{u'$date': u'2017-02-08T00:44:20.000Z'} , 829128696325758977 , superokchick , does god actually want me to die ...? , 0
{u'$date': u'2017-02-08T00:44:20.000Z'} , 829128696682381312 , Lebanon_Don , I don't want to die from evaporating from 12 hours of sex , 0
{u'$date': u'2017-02-08T00:44:22.000Z'} , 829128704198635530 , SuniteSideB , I want fried chicken so bad I wanna die üò≠üò≠ , 1
{u'$date': u'2017-02-08T00:44:22.000Z'} , 829128705465282560 , Lilbooty_Cutie1 , My dad , 0
{u'$date': u'2017-02-08T00:44:26.000Z'} , 829128722527768576 , AbzBobbyTariq , Delete it , 0
{u'$date': u'2017-02-08T00:44:29.000Z'} , 829128736138203136 , AsiaaaaG , My daddy , 0
{u'$date': u'2017-02-08T00:44:34.000Z'} , 829128757822763008 , NRights1 , Sassy Kat Timpf totally right once again. , 0
{u'$date': u'2017-02-08T00:44:37.000Z'} , 829128770258874372 , iblackvoices , Boko Haram: We got N200 to kill. says suicide¬†bomber , 0
{u'$date': u'2017-02-08T00:44:41.000Z'} , 829128786138456064 , omganaishere , You don't even need a gunYou don't even need a pill If you ever want to die Fall in love and you'll get killedüíï , 0
{u'$date': u'2017-02-08T00:44:45.000Z'} , 829128802836049923 , dopadee , lrt i wanna die , 2
{u'$date': u'2017-02-08T00:44:46.000Z'} , 829128804287266816 , benusa567 , ‚ÄòBECOME A SUICIDE BOMBER‚Äô Posters Hit London  via @clarionproject , 0
{u'$date': u'2017-02-08T00:44:54.000Z'} , 829128838777040896 , Calwazaki , I liked a video from  I want to hang myself , 1
{u'$date': u'2017-02-08T00:44:56.000Z'} , 829128847715102721 , pinkshells99 , EducationSecretary for those Gop's that committed political suicide today good riddance educatedfools , 0
{u'$date': u'2017-02-08T00:44:57.000Z'} , 829128850982445057 , morbidissey , you look like an ereri lovechildüòçüòçüòç Not as a bad thing though , 0
{u'$date': u'2017-02-08T00:44:57.000Z'} , 829128854136569856 , 7thdaughter1 , JUST for information , 0
{u'$date': u'2017-02-08T00:44:58.000Z'} , 829128857290567680 , EbolaGrunge , So Stressed (Wanna Die) ft. Pitbull , 0
{u'$date': u'2017-02-08T00:49:54.000Z'} , 829130096887865344 , emgleffler , I have never wanted to die more in my life tbh , 2
{u'$date': u'2017-02-08T00:49:54.000Z'} , 829130098494304256 , Artemius334 , I added a video to a playlist  Suicide Hotline , 0
{u'$date': u'2017-02-08T00:49:57.000Z'} , 829130108631789569 , naebkat , I know god is real bc I was just talking about how much I wanted to die and in that same sentence a car almost ran me over , 1
{u'$date': u'2017-02-08T00:50:05.000Z'} , 829130144019337218 , Zoe_Kochhh , Wanna see nirvana but don't wanna die yet , 0
{u'$date': u'2017-02-08T00:50:05.000Z'} , 829130146103885826 , 19fisherman59 , Open Season no bag limit. , 0
{u'$date': u'2017-02-08T00:50:06.000Z'} , 829130148477693952 , Christinlaine7 , I want to die now ü§ê , 2
{u'$date': u'2017-02-08T00:50:12.000Z'} , 829130172905295872 , tamarabruder , Yeah Reagan. go for a youngster. Girls have longer life span so if you don't want your husband to die before you do‚Ä¶ , 0
